passage_date,passage_time,passage_direction,species,body_depth,length_coefficient,total_length,life_stage,count,sex,ad_clip,fish_condition,id_certainty,silhouette_quality,video_quality,video_problems,vaki_trap,comments
2005-01-09,07:55:00,up,rbt,127,4.1,520.7,a,1,f,no,good,p,good,poor,tb,trap,NA
2005-10-15,14:28:00,up,rbt,102,4.8,489.6,a,1,f,no,good,p,poor,good,NA,vaki,NA
2006-09-24,07:38:00,up,rbt,80,4.2,336,j,1,unk,no,good,vl,poor,fair,or,vaki,NA
2006-10-11,13:08:00,up,rbt,90,4.2,378,j,1,f,yes,good,p,good,good,NA,vaki,NA
2006-10-25,12:39:00,up,rbt,127,4.2,533.4,a,1,unk,no,good,p,poor,good,NA,vaki,NA
2006-10-30,12:51:00,up,rbt,123,4.2,516.6,a,1,f,no,good,p,good,good,NA,vaki,NA
2006-11-05,22:03:00,up,rbt,90,4.2,378,j,1,unk,no,good,p,good,good,NA,vaki,NA
2006-11-13,07:33:00,up,rbt,105,4.2,441,a,1,unk,no,good,vl,poor,fair,or,vaki,NA
2006-12-27,11:47:00,up,rbt,120,4.2,504,a,1,unk,NA,good,vl,poor,fair,tb,vaki,NA
2007-01-28,05:51:00,up,rbt,115,4.2,483,a,1,unk,NA,good,vl,poor,fair,or,vaki,NA
2007-02-17,18:28:00,up,rbt,132,4.2,554.4,a,1,f,no,good,p,good,good,NA,vaki,NA
2007-02-25,16:06:00,up,rbt,127,4.2,533.4,a,1,f,no,good,p,good,good,NA,vaki,NA
2007-03-01,18:12:00,up,rbt,115,4.2,483,a,1,f,no,good,p,good,fair,or,vaki,NA
2007-06-15,23:04:00,up,rbt,75,4.2,315,j,1,unk,no,good,p,poor,good,NA,vaki,NA
2007-10-18,11:06:00,up,rbt,77,5.07,390,j,1,unk,no,good,p,good,good,no,vaki,NA
2007-10-30,20:44:00,up,rbt,69,5.07,350,j,1,unk,no,good,p,poor,good,no,vaki,NA
2008-10-14,19:04:00,up,rbt,102,5.07,517.14,a,1,unk,NA,good,vl,good,good,no,vaki,NA
2008-10-25,00:33:00,up,rbt,78,5.07,395.46,j,1,unk,yes,good,p,fair,good,no,trap,NA
2008-10-25,02:13:00,down,rbt,80,5.07,405.6,a,-1,unk,yes,good,p,fair,none,no,trap,NA
2008-10-27,05:28:00,up,rbt,65,5.07,329.55,j,1,unk,NA,good,p,poor,fair,no,vaki,NA
2008-10-27,05:28:00,up,rbt,84,5.07,425.88,a,1,unk,NA,good,p,poor,fair,no,vaki,NA
2008-10-30,22:22:00,up,rbt,80,5.07,405.6,a,1,unk,yes,good,p,fair,fair,no,vaki,NA
2008-10-31,11:19:00,up,rbt,70,5.07,354.9,j,1,unk,yes,good,p,fair,fair,no,vaki,NA
2008-11-02,13:56:00,up,rbt,72,5.07,365.04,j,1,unk,yes,good,p,fair,fair,no,vaki,NA
2008-11-04,00:55:00,up,rbt,118,5.07,598.26,a,1,unk,no,good,p,fair,fair,no,vaki,NA
2008-11-04,20:52:00,up,rbt,54,5.07,273.78,j,1,unk,yes,good,p,poor,fair,no,trap,NA
2008-11-04,21:18:00,down,rbt,60,5.07,304.2,j,-1,unk,yes,good,p,fair,none,no,trap,NA
2008-11-04,22:12:00,up,rbt,65,5.07,329.55,j,1,unk,yes,good,p,fair,fair,no,trap,NA
2008-11-04,23:50:00,up,rbt,72,5.07,365.04,j,1,unk,yes,good,p,fair,fair,no,trap,NA
2008-11-05,01:27:00,down,rbt,50,5.07,253.5,j,-1,unk,yes,good,p,fair,none,no,trap,NA
2008-11-06,17:37:00,up,rbt,85,5.07,430.95,a,1,unk,yes,good,p,fair,fair,no,vaki,NA
2008-11-10,17:21:00,up,rbt,93,5.07,471.51,a,1,unk,NA,good,p,good,good,no,vaki,NA
2008-11-12,21:17:00,up,rbt,146,5.07,740.22,a,1,unk,no,good,vl,fair,fair,no,trap,NA
2008-11-12,21:43:00,down,rbt,148,5.07,750.36,a,-1,unk,no,good,vl,fair,none,no,trap,NA
2008-11-14,18:18:00,up,rbt,69,5.07,349.83,j,1,unk,NA,good,p,fair,good,no,vaki,NA
2008-11-20,13:00:00,up,rbt,42,5.07,212.94,j,1,unk,no,good,p,poor,fair,no,trap,NA
2008-11-25,05:48:00,up,rbt,97,5.07,491.79,a,1,unk,yes,good,p,fair,poor,no,vaki,NA
2008-11-27,16:48:00,up,rbt,82,5.07,415.74,a,1,unk,yes,good,p,fair,good,no,vaki,NA
2008-12-19,04:38:00,up,rbt,90,5.07,456,a,1,unk,yes,good,p,good,fair,no,vaki,NA
2008-12-24,23:13:00,up,rbt,121,5.07,613,a,1,m,no,good,p,poor,good,no,vaki,NA
2008-12-25,20:38:00,up,rbt,137,5.07,695,a,1,unk,no,good,p,fair,fair,tb,vaki,NA
2009-06-03,19:58:00,up,rbt,60,5.07,304,j,1,unk,no,good,p,fair,fair,no,vaki,NA
2009-09-18,06:05:00,up,rbt,NA,NA,NA,j,1,unk,no,good,p,n/a,n/a,NA,temp video,NA
2009-09-19,05:18:00,up,rbt,NA,NA,NA,j,1,unk,no,good,p,n/a,n/a,NA,temp video,NA
2009-09-25,05:59:00,up,rbt,NA,NA,NA,j,1,unk,no,good,p,n/a,n/a,NA,temp video,NA
2009-09-25,19:25:00,up,rbt,NA,NA,NA,j,1,unk,no,good,p,n/a,n/a,NA,temp video,NA
2009-10-14,11:45:00,up,rbt,40,4.84,194,j,1,unk,no,good,p,poor,fair,tb,vaki,NA
2009-11-12,00:43:00,up,rbt,100,4.84,484,a,1,f,no,good,p,fair,fair,no,vaki,NA
2010-02-03,16:43:00,up,rbt,70,4.84,339,j,1,unk,no,good,p,fair,poor,tb,vaki,NA
2010-02-13,13:22:00,up,rbt,147,4.84,711,a,1,m,no,good,p,fair,fair,no,vaki,NA
2010-03-14,14:27:00,up,rbt,36,4.84,174,j,1,unk,no,good,p,poor,fair,no,vaki,NA
2010-05-22,02:16:00,up,rbt,47,4.84,227,j,1,unk,NA,good,p,poor,poor,no,vaki,NA
2010-11-06,12:34:00,up,rbt,55,4.8,264,j,1,unk,no,good,vl,fair,poor,or,vaki,NA
2011-01-05,16:42:00,up,rbt,85,4.8,408,a,1,unk,no,good,p,fair,poor,no,vaki,NA
2011-01-26,01:49:00,up,rbt,45,4.8,216,j,1,unk,NA,good,vl,poor,poor,or,vaki,NA
2011-02-09,01:29:00,up,rbt,100,4.8,480,a,1,unk,no,good,p,fair,fair,no,vaki,NA
2011-03-01,18:00:00,up,rbt,47,4.8,226,j,1,unk,no,good,p,poor,fair,no,vaki,NA
2011-03-14,10:46:00,up,rbt,73,4.8,350,j,1,unk,no,good,p,fair,fair,no,vaki,NA
2011-11-09,21:49:00,up,rbt,102,4.8,490,a,1,unk,NA,good,p,fair,fair,ss,vaki,NA
2011-11-13,00:05:00,up,rbt,102,4.8,490,a,1,unk,NA,good,p,fair,fair,or,vaki,NA
2011-11-14,23:59:00,up,rbt,105,4.8,504,a,1,unk,no,good,p,fair,fair,no,vaki,NA
2011-11-17,20:25:00,up,rbt,132,4.8,634,a,1,f,yes,good,p,fair,fair,no,vaki,NA
2011-11-21,18:35:00,up,rbt,77,4.8,370,j,1,unk,yes,good,l,fair,poor,or,vaki,NA
2011-11-25,17:53:00,up,rbt,82,4.8,394,j,1,unk,no,good,p,fair,fair,no,vaki,NA
2011-11-25,19:33:00,up,rbt,80,4.8,384,j,1,unk,NA,good,p,poor,fair,no,vaki,NA
2011-11-26,03:01:00,up,rbt,105,4.8,504,a,1,m,no,good,p,fair,fair,no,vaki,NA
2011-11-28,06:50:00,up,rbt,65,4.8,312,j,1,unk,yes,good,p,fair,fair,no,vaki,NA
2011-12-13,23:27:00,up,rbt,107,4.8,514,a,1,unk,NA,good,p,fair,fair,no,vaki,NA
2011-12-14,17:07:00,up,rbt,105,4.8,504,a,1,f,no,good,p,fair,fair,no,vaki,NA
2011-12-16,21:04:00,up,rbt,55,4.8,264,j,1,unk,no,good,p,fair,fair,or,vaki,NA
2011-12-18,21:11:00,up,rbt,80,4.8,384,j,1,unk,yes,good,p,fair,fair,or,vaki,NA
2011-12-22,01:48:00,up,rbt,75,4.8,360,j,1,m,yes,good,p,fair,fair,no,vaki,NA
2011-12-22,18:58:00,up,rbt,97,4.8,466,a,1,m,NA,good,p,fair,fair,no,vaki,NA
2011-12-22,18:58:00,down,rbt,80,4.8,384,j,-1,unk,NA,good,p,poor,none,no,vaki,NA
2011-12-22,19:58:00,up,rbt,60,4.8,288,j,1,unk,yes,good,p,fair,fair,no,vaki,NA
2011-12-22,23:36:00,up,rbt,88,4.8,422,a,1,unk,yes,good,p,fair,fair,no,vaki,NA
2011-12-23,10:53:00,up,rbt,52,4.8,250,j,1,unk,yes,good,p,poor,fair,no,vaki,NA
2011-12-23,20:38:00,up,rbt,82,4.8,394,j,1,unk,yes,good,p,fair,fair,no,vaki,NA
2011-12-23,20:38:00,down,rbt,72,4.8,346,j,-1,unk,yes,good,p,poor,none,no,vaki,NA
2011-12-23,20:50:00,up,rbt,82,4.8,394,j,1,unk,yes,good,p,fair,fair,no,vaki,NA
2011-12-24,21:13:00,up,rbt,45,4.8,216,j,1,unk,yes,good,l,fair,poor,no,vaki,NA
2011-12-29,19:21:00,up,rbt,65,4.8,312,j,1,unk,yes,good,l,fair,fair,no,vaki,NA
2011-12-30,01:41:00,up,rbt,90,4.8,432,a,1,unk,yes,good,p,fair,none,no,vaki,NA
2011-12-30,21:50:00,up,rbt,115,4.8,552,a,1,unk,yes,good,vl,good,poor,or,vaki,NA
2011-12-30,21:50:00,down,rbt,105,4.8,504,a,-1,unk,yes,good,vl,poor,none,no,vaki,NA
2011-12-31,02:18:00,up,rbt,102,4.8,490,a,1,unk,yes,good,p,fair,fair,or,vaki,NA
2012-01-03,01:41:00,up,rbt,92,4.8,442,a,1,m,no,good,p,fair,fair,no,vaki,NA
2012-01-03,01:42:00,down,rbt,98,4.8,470,a,-1,m,no,good,l,poor,none,no,vaki,NA
2012-01-03,16:06:00,up,rbt,90,4.8,432,a,1,m,no,good,p,fair,fair,no,vaki,NA
2012-01-03,19:05:00,up,rbt,97,4.8,466,a,1,unk,yes,good,p,fair,poor,no,vaki,NA
2012-01-03,19:05:00,down,rbt,100,4.8,480,a,-1,unk,yes,good,vl,fair,none,no,vaki,NA
2012-01-05,05:38:00,up,rbt,100,4.8,480,a,1,unk,yes,good,p,fair,fair,ss,vaki,NA
2012-01-06,08:58:00,up,rbt,45,4.8,216,j,1,unk,no,good,p,poor,fair,no,vaki,NA
2012-01-10,07:23:00,up,rbt,91,4.8,437,a,1,unk,yes,good,p,poor,fair,no,vaki,NA
2012-01-12,21:30:00,up,rbt,83,4.8,398,j,1,unk,yes,good,p,poor,fair,no,vaki,NA
2012-01-12,22:11:00,up,rbt,105,4.8,504,a,1,unk,yes,good,p,fair,poor,ss,vaki,NA
2012-01-12,22:11:00,down,rbt,89,4.8,427,a,-1,unk,yes,good,l,poor,none,no,vaki,NA
2012-01-13,00:13:00,up,rbt,85,4.8,408,a,1,unk,NA,good,l,fair,fair,no,vaki,NA
2012-01-13,19:00:00,up,rbt,99,4.8,475,a,1,m,NA,good,l,poor,poor,no,vaki,NA
2012-01-13,22:03:00,up,rbt,82,4.8,394,j,1,m,NA,good,l,fair,poor,no,vaki,NA
2012-01-15,19:17:00,up,rbt,100,4.8,480,a,1,unk,yes,good,p,fair,fair,no,vaki,NA
2012-01-15,22:14:00,up,rbt,75,4.8,360,j,1,unk,yes,good,p,poor,poor,no,vaki,NA
2012-01-16,04:41:00,up,rbt,92,4.8,442,a,1,unk,yes,good,p,fair,poor,no,vaki,NA
2012-01-16,20:46:00,up,rbt,65,4.8,312,j,1,unk,yes,good,p,poor,poor,no,vaki,NA
2012-01-16,20:46:00,down,rbt,53,4.8,254,j,-1,unk,yes,good,l,poor,none,no,vaki,NA
2012-01-16,20:53:00,up,rbt,65,4.8,312,j,1,unk,NA,good,vl,poor,poor,or,vaki,NA
2012-01-17,23:01:00,up,rbt,77,4.8,370,j,1,unk,yes,good,p,fair,poor,no,vaki,NA
2012-01-18,19:56:00,up,rbt,65,4.8,312,j,1,unk,NA,good,l,fair,poor,no,vaki,NA
2012-01-18,19:56:00,down,rbt,70,4.8,336,j,-1,unk,NA,good,l,poor,none,no,vaki,NA
2012-01-19,23:36:00,up,rbt,80,4.8,384,j,1,unk,NA,good,l,poor,poor,no,vaki,NA
2012-01-19,23:37:00,up,rbt,77,4.8,370,j,1,unk,NA,good,l,poor,poor,no,vaki,NA
2012-01-21,19:57:00,up,rbt,105,4.8,504,a,1,unk,yes,good,p,poor,fair,no,vaki,NA
2012-01-22,05:10:00,up,rbt,85,4.8,408,a,1,unk,yes,good,p,poor,poor,em,vaki,NA
2012-01-22,10:47:00,up,rbt,87,4.8,418,a,1,unk,yes,good,p,fair,fair,no,vaki,NA
2012-01-22,17:58:00,up,rbt,77,4.8,370,j,1,unk,yes,good,l,fair,poor,no,vaki,NA
2012-01-22,17:58:00,up,rbt,80,4.8,384,j,1,unk,yes,good,p,fair,poor,no,vaki,NA
2012-01-22,18:05:00,up,rbt,85,4.8,408,a,1,unk,yes,good,p,fair,poor,no,vaki,NA
2012-01-22,21:49:00,up,rbt,80,4.8,384,j,1,unk,yes,good,p,fair,poor,no,vaki,NA
2012-01-22,21:49:00,down,rbt,75,4.8,360,j,-1,unk,yes,good,vl,poor,none,no,vaki,NA
2012-01-27,15:11:00,up,rbt,90,4.8,432,a,1,unk,yes,good,p,fair,fair,no,vaki,NA
2012-01-28,00:11:00,up,rbt,105,4.8,504,a,1,unk,no,good,p,fair,fair,no,vaki,NA
2012-01-30,00:37:00,up,rbt,80,4.8,384,j,1,unk,yes,good,p,fair,fair,no,vaki,NA
2012-02-01,20:38:00,up,rbt,75,4.8,360,j,1,unk,yes,good,p,fair,poor,tb,vaki,NA
2012-02-01,20:38:00,down,rbt,60,4.8,288,j,-1,unk,yes,good,l,poor,none,no,vaki,NA
2012-02-02,21:23:00,up,rbt,60,4.8,288,j,1,unk,yes,good,p,fair,poor,no,vaki,NA
2012-02-02,21:23:00,down,rbt,62,4.8,298,j,-1,unk,yes,good,l,fair,none,no,vaki,NA
2012-02-03,15:21:00,up,rbt,105,4.8,504,a,1,f,no,good,p,fair,fair,no,vaki,NA
2012-02-03,15:56:00,up,rbt,70,4.8,336,j,1,unk,yes,good,p,fair,fair,no,vaki,NA
2012-02-04,23:12:00,up,rbt,82,4.8,394,j,1,unk,yes,good,p,fair,fair,no,vaki,NA
2012-02-06,00:17:00,up,rbt,80,4.8,384,j,1,unk,NA,good,p,fair,fair,or,vaki,NA
2012-02-08,01:57:00,up,rbt,80,4.8,384,j,1,unk,yes,good,vl,fair,fair,or,vaki,NA
2012-02-10,02:53:00,up,rbt,80,4.8,384,j,1,unk,no,good,p,fair,fair,no,vaki,NA
2012-02-10,02:53:00,down,rbt,65,4.8,312,j,-1,unk,no,good,p,fair,none,no,vaki,NA
2012-02-10,03:13:00,up,rbt,82,4.8,394,j,1,f,no,good,p,fair,fair,no,vaki,NA
2012-02-14,18:02:00,up,rbt,75,4.8,360,j,1,unk,yes,good,p,fair,fair,no,vaki,NA
2012-02-17,06:29:00,up,rbt,100,4.8,480,a,1,m,no,good,p,fair,fair,no,vaki,NA
2012-02-17,06:29:00,down,rbt,82,4.8,394,j,-1,m,no,good,p,fair,none,no,vaki,NA
2012-02-18,12:33:00,up,rbt,62,4.8,298,j,1,unk,yes,good,p,fair,fair,no,vaki,NA
2012-02-19,11:15:00,up,rbt,57,4.8,274,j,1,unk,yes,good,p,fair,fair,no,vaki,NA
2012-02-19,18:13:00,up,rbt,62,4.8,298,j,1,unk,yes,good,p,fair,fair,no,vaki,NA
2012-02-21,16:43:00,up,rbt,72,4.8,346,j,1,f,yes,good,p,fair,fair,no,vaki,NA
2012-02-22,10:09:00,up,rbt,47,4.8,226,j,1,f,no,good,p,poor,fair,no,vaki,NA
2012-02-23,09:18:00,up,rbt,62,4.8,298,j,1,unk,yes,good,p,fair,fair,no,vaki,NA
2012-02-23,18:00:00,up,rbt,65,4.8,312,j,1,unk,yes,good,p,fair,fair,no,vaki,NA
2012-02-23,18:19:00,up,rbt,65,4.8,312,j,1,unk,yes,good,p,fair,fair,no,vaki,NA
2012-02-24,07:23:00,up,rbt,62,4.8,298,j,1,unk,yes,good,p,fair,fair,no,vaki,NA
2012-02-24,09:04:00,up,rbt,65,4.8,312,j,1,unk,yes,good,p,fair,fair,no,vaki,NA
2012-02-24,11:32:00,up,rbt,70,4.8,336,j,1,unk,yes,good,p,fair,fair,no,vaki,NA
2012-02-24,11:32:00,down,rbt,62,4.8,298,j,-1,unk,yes,good,vl,fair,none,no,vaki,NA
2012-02-24,12:06:00,up,rbt,75,4.8,360,j,1,unk,yes,good,p,fair,fair,no,vaki,NA
2012-02-25,00:16:00,up,rbt,62,4.8,298,j,1,unk,yes,good,p,fair,fair,no,vaki,NA
2012-02-25,02:36:00,up,rbt,65,4.8,312,j,1,unk,no,good,p,fair,fair,no,vaki,NA
2012-02-25,07:06:00,up,rbt,65,4.8,312,j,1,unk,yes,good,p,fair,fair,no,vaki,NA
2012-02-26,11:32:00,up,rbt,65,4.8,312,j,1,unk,yes,good,p,fair,fair,no,vaki,NA
2012-02-26,16:20:00,up,rbt,60,4.8,288,j,1,unk,yes,good,p,fair,fair,no,vaki,NA
2012-02-28,10:34:00,up,rbt,65,4.8,312,j,1,m,yes,good,p,fair,fair,no,vaki,NA
2012-02-28,15:21:00,up,rbt,62,4.8,298,j,1,unk,yes,good,p,fair,fair,no,vaki,NA
2012-02-28,18:09:00,up,rbt,65,4.8,312,j,1,unk,yes,good,p,fair,fair,no,vaki,NA
2012-03-01,00:20:00,up,rbt,63,4.8,302,j,1,unk,yes,good,p,poor,fair,no,vaki,NA
2012-03-01,11:11:00,up,rbt,95,4.8,456,a,1,f,no,good,p,good,fair,no,vaki,NA
2012-03-02,17:26:00,up,rbt,75,4.8,360,j,1,m,yes,good,p,fair,fair,no,vaki,NA
2012-03-09,17:11:00,up,rbt,60,4.8,288,j,1,unk,yes,good,p,poor,fair,no,vaki,NA
2012-03-10,06:09:00,up,rbt,80,4.8,384,j,1,unk,no,good,p,poor,fair,no,vaki,NA
2012-03-17,12:07:00,up,rbt,67,4.8,322,j,1,unk,yes,good,p,poor,fair,no,vaki,NA
2012-03-21,19:58:00,up,rbt,50,4.8,240,j,1,unk,yes,good,p,poor,fair,no,vaki,NA
2012-03-23,23:37:00,up,rbt,110,4.8,528,a,1,unk,no,good,p,poor,fair,no,vaki,NA
2012-03-26,20:59:00,up,rbt,58,4.8,278,j,1,unk,no,good,p,poor,fair,no,vaki,NA
2012-03-30,23:52:00,up,rbt,80,4.8,384,j,1,unk,no,good,p,fair,fair,no,vaki,NA
2012-04-02,13:05:00,up,rbt,52,4.8,250,j,1,unk,NA,good,l,poor,fair,no,vaki,NA
2012-04-02,13:05:00,up,rbt,50,4.8,240,j,1,unk,no,good,p,poor,fair,no,vaki,NA
2012-10-15,16:52:00,up,rbt,45,4.8,216,j,1,unk,no,good,p,fair,poor,tb,vaki,NA
2012-10-18,08:39:00,up,rbt,70,4.8,336,j,1,unk,yes,good,p,fair,poor,tb,vaki,NA
2012-10-19,17:51:00,up,rbt,87,4.8,418,a,1,unk,NA,good,p,fair,fair,no,vaki,NA
2012-10-25,11:38:00,up,rbt,50,4.8,240,j,1,unk,NA,good,p,fair,fair,no,vaki,NA
2012-10-27,08:00:00,up,rbt,52,4.8,250,j,1,unk,no,good,p,fair,fair,no,vaki,NA
2012-10-28,06:06:00,up,rbt,60,4.8,288,j,1,unk,no,good,p,fair,fair,no,vaki,NA
2012-10-28,06:07:00,down,rbt,52,4.8,250,j,-1,unk,no,good,l,poor,none,NA,vaki,NA
2012-10-28,12:18:00,up,rbt,60,4.8,288,j,1,unk,no,good,p,fair,fair,no,vaki,NA
2012-10-30,05:19:00,up,rbt,70,4.8,336,j,1,unk,no,good,l,fair,fair,or,vaki,NA
2012-11-01,10:37:00,up,rbt,65,4.8,312,j,1,unk,no,good,p,fair,fair,no,vaki,NA
2012-11-04,03:59:00,up,rbt,80,4.8,384,j,1,unk,yes,good,p,fair,fair,no,vaki,NA
2012-11-04,11:29:00,up,rbt,40,4.8,192,j,1,unk,no,good,p,poor,fair,no,vaki,NA
2012-11-10,14:52:00,up,rbt,55,4.8,264,j,1,unk,no,good,p,fair,fair,no,vaki,NA
2012-11-14,11:57:00,up,rbt,42,4.8,202,j,1,unk,no,good,p,fair,fair,no,vaki,NA
2012-11-24,18:24:00,up,rbt,45,4.8,216,j,1,unk,yes,good,l,poor,fair,no,vaki,NA
2012-11-26,05:48:00,up,rbt,62,4.8,298,j,1,unk,no,good,p,poor,fair,no,vaki,NA
2012-11-26,09:38:00,up,rbt,65,4.8,312,j,1,unk,no,good,p,fair,fair,no,vaki,NA
2012-12-04,14:26:00,up,rbt,62,4.8,298,j,1,unk,no,good,p,fair,poor,tb,vaki,NA
2012-12-05,03:54:00,up,rbt,82,4.8,394,j,1,m,yes,good,l,fair,fair,no,vaki,NA
2012-12-05,11:41:00,up,rbt,40,4.8,192,j,1,unk,no,good,p,poor,fair,no,vaki,NA
2012-12-08,03:41:00,up,rbt,107,4.8,514,a,1,unk,yes,good,p,poor,fair,no,vaki,NA
2012-12-10,09:58:00,up,rbt,45,4.8,216,j,1,unk,no,good,p,poor,fair,no,vaki,NA
2012-12-11,06:46:00,up,rbt,42,4.8,202,j,1,unk,no,good,p,fair,fair,no,vaki,NA
2012-12-12,07:03:00,up,rbt,45,4.8,216,j,1,unk,no,good,p,fair,fair,no,vaki,NA
2012-12-13,00:14:00,up,rbt,97,4.8,466,a,1,f,no,good,p,fair,fair,no,vaki,NA
2012-12-13,07:08:00,up,rbt,47,4.8,226,j,1,unk,no,good,p,poor,fair,no,vaki,NA
2012-12-13,07:52:00,up,rbt,40,4.8,192,j,1,unk,no,good,p,poor,fair,no,vaki,NA
2012-12-13,22:25:00,up,rbt,95,4.8,456,a,1,f,yes,good,p,poor,fair,no,vaki,NA
2012-12-13,22:26:00,down,rbt,105,4.8,504,a,-1,f,yes,good,p,poor,none,NA,vaki,NA
2012-12-14,18:11:00,up,rbt,107,4.8,514,a,1,f,yes,good,p,fair,fair,no,vaki,NA
2012-12-14,18:11:00,down,rbt,93,4.8,446,a,-1,f,yes,good,p,poor,none,NA,vaki,NA
2012-12-14,18:22:00,up,rbt,102,4.8,490,a,1,f,yes,good,p,fair,fair,no,vaki,NA
2012-12-15,06:45:00,up,rbt,42,4.8,202,j,1,unk,no,good,p,fair,fair,no,vaki,NA
2012-12-16,06:44:00,up,rbt,42,4.8,202,j,1,unk,no,good,p,fair,fair,no,vaki,NA
2012-12-16,12:14:00,up,rbt,45,4.8,216,j,1,unk,no,good,p,poor,fair,no,vaki,NA
2012-12-18,22:02:00,up,rbt,100,4.8,480,a,1,f,yes,good,p,fair,fair,no,vaki,NA
2012-12-20,07:46:00,up,rbt,42,4.8,202,j,1,unk,no,good,p,poor,poor,ss,vaki,NA
2012-12-20,10:54:00,up,rbt,40,4.8,192,j,1,unk,NA,good,p,poor,fair,no,vaki,NA
2012-12-20,14:34:00,up,rbt,42,4.8,202,j,1,unk,NA,good,l,poor,poor,or,vaki,NA
2012-12-20,14:34:00,up,rbt,42,4.8,202,j,1,unk,no,good,p,fair,fair,no,vaki,NA
2012-12-21,06:30:00,up,rbt,42,4.8,202,j,1,unk,no,good,p,poor,poor,or,vaki,NA
2013-01-01,01:38:00,up,rbt,77,4.8,370,j,1,unk,NA,good,l,poor,poor,tb,vaki,NA
2013-01-03,13:41:00,up,rbt,40,4.8,192,j,1,unk,NA,good,vl,poor,poor,tb,vaki,NA
2013-01-13,08:33:00,up,rbt,42,4.8,202,j,1,unk,no,good,p,poor,fair,tb,vaki,NA
2013-01-13,16:24:00,up,rbt,55,4.8,264,j,1,unk,no,good,p,fair,fair,tb,vaki,NA
2013-01-15,08:13:00,up,rbt,42,4.8,202,j,1,unk,no,good,p,fair,fair,tb,vaki,NA
2013-01-16,08:03:00,up,rbt,42,4.8,202,j,1,unk,no,good,p,poor,fair,tb,vaki,NA
2013-01-17,07:14:00,up,rbt,47,4.8,226,j,1,unk,no,good,p,poor,fair,tb,vaki,NA
2013-01-17,12:16:00,up,rbt,45,4.8,216,j,1,unk,no,good,p,poor,fair,tb,vaki,NA
2013-01-19,07:53:00,up,rbt,42,4.8,202,j,1,unk,no,good,p,poor,poor,or/tb,vaki,NA
2013-01-19,07:53:00,up,rbt,45,4.8,216,j,1,unk,no,good,p,poor,fair,mp/tb,vaki,NA
2013-01-21,12:05:00,up,rbt,40,4.8,192,j,1,unk,no,good,p,poor,fair,tb,vaki,NA
2013-01-22,07:00:00,up,rbt,45,4.8,216,j,1,unk,no,good,p,poor,fair,no,vaki,NA
2013-01-22,08:52:00,up,rbt,45,4.8,216,j,1,unk,no,good,p,poor,fair,no,vaki,NA
2013-01-23,08:02:00,up,rbt,42,4.8,202,j,1,unk,no,good,p,fair,fair,no,vaki,NA
2013-01-24,11:29:00,up,rbt,42,4.8,202,j,1,unk,no,good,p,poor,fair,no,vaki,NA
2013-01-24,22:00:00,up,rbt,77,4.8,370,j,1,unk,no,good,p,poor,fair,or,vaki,NA
2013-01-28,09:38:00,up,rbt,47,4.8,226,j,1,unk,NA,good,p,poor,fair,no,vaki,NA
2013-01-29,07:34:00,up,rbt,42,4.8,202,j,1,unk,no,good,p,poor,fair,no,vaki,NA
2013-01-30,07:17:00,up,rbt,42,4.8,202,j,1,unk,no,good,p,fair,fair,no,vaki,NA
2013-01-30,07:54:00,up,rbt,47,4.8,226,j,1,unk,no,good,p,fair,fair,no,vaki,NA
2013-02-03,00:27:00,up,rbt,112,4.8,538,a,1,f,no,good,p,fair,fair,no,vaki,NA
2013-02-03,08:57:00,up,rbt,117,4.8,562,a,1,f,yes,good,p,fair,fair,no,vaki,NA
2013-02-04,06:43:00,up,rbt,80,4.8,384,j,1,f,yes,good,vl,poor,fair,no,vaki,NA
2013-02-05,08:22:00,up,rbt,40,4.8,192,j,1,unk,no,good,p,poor,fair,no,vaki,NA
2013-02-10,14:00:00,up,rbt,72,4.8,346,j,1,unk,no,good,p,fair,poor,tb,vaki,NA
2013-02-13,15:43:00,up,rbt,67,4.8,322,j,1,unk,no,good,p,fair,fair,tb,vaki,NA
2013-02-15,14:00:00,up,rbt,80,4.8,384,j,1,unk,yes,good,vl,fair,poor,tb,vaki,NA
2013-02-16,08:42:00,up,rbt,77,4.8,370,j,1,unk,no,good,vl,fair,poor,tb,vaki,NA
2013-02-25,13:11:00,up,rbt,50,4.8,240,j,1,unk,no,good,p,poor,fair,no,vaki,NA
2013-02-28,07:02:00,up,rbt,47,4.8,226,j,1,unk,no,good,p,fair,fair,no,vaki,NA
2013-03-01,06:52:00,up,rbt,50,4.8,240,j,1,unk,NA,good,p,poor,poor,no,vaki,NA
2013-03-01,11:11:00,up,rbt,57,4.8,274,j,1,unk,NA,good,p,poor,poor,no,vaki,NA
2013-03-01,12:59:00,up,rbt,50,4.8,240,j,1,unk,no,good,p,poor,fair,no,vaki,NA
2013-03-01,17:40:00,up,rbt,55,4.8,264,j,1,unk,NA,good,p,poor,poor,no,vaki,NA
2013-03-02,06:39:00,up,rbt,55,4.8,264,j,1,unk,NA,good,p,poor,poor,no,vaki,NA
2013-03-03,06:27:00,up,rbt,50,4.8,240,j,1,unk,no,good,p,poor,fair,no,vaki,NA
2013-03-03,15:38:00,up,rbt,65,4.8,312,j,1,unk,no,good,p,fair,fair,no,vaki,NA
2013-03-04,06:32:00,up,rbt,52,4.8,250,j,1,unk,no,good,p,fair,fair,no,vaki,NA
2013-03-04,14:42:00,up,rbt,50,4.8,240,j,1,unk,NA,good,p,fair,poor,no,vaki,NA
2013-03-05,06:39:00,up,rbt,55,4.8,264,j,1,unk,no,good,p,poor,fair,no,vaki,NA
2013-03-05,15:16:00,up,rbt,45,4.8,216,j,1,unk,no,good,p,poor,fair,no,vaki,NA
2013-03-06,06:34:00,up,rbt,55,4.8,264,j,1,unk,no,good,p,fair,fair,no,vaki,NA
2013-03-06,14:01:00,up,rbt,50,4.8,240,j,1,unk,no,good,p,fair,fair,no,vaki,NA
2013-03-06,15:54:00,up,rbt,55,4.8,264,j,1,unk,NA,good,p,fair,fair,no,vaki,NA
2013-03-07,08:44:00,up,rbt,52,4.8,250,j,1,unk,NA,good,p,poor,poor,no,vaki,NA
2013-03-07,13:14:00,up,rbt,65,4.8,312,j,1,m,no,good,p,fair,fair,no,vaki,NA
2013-03-07,15:56:00,up,rbt,133,4.8,638,a,1,f,no,good,p,good,fair,no,vaki,NA
2013-03-08,07:13:00,up,rbt,52,4.8,250,j,1,unk,no,good,p,poor,fair,no,vaki,NA
2013-03-11,09:42:00,up,rbt,77,4.8,370,j,1,unk,NA,good,p,fair,poor,or,vaki,NA
2013-03-14,12:01:00,up,rbt,60,4.8,288,j,1,f,no,good,p,poor,fair,no,vaki,NA
2013-03-24,00:02:00,up,rbt,65,4.8,312,j,1,unk,no,good,p,fair,fair,no,vaki,NA
2013-03-24,18:26:00,up,rbt,50,4.8,240,j,1,unk,no,good,p,poor,fair,no,vaki,NA
2013-03-26,15:36:00,up,rbt,40,4.8,192,j,1,unk,no,good,p,poor,fair,no,vaki,NA
2013-03-26,15:45:00,up,rbt,42,4.8,202,j,1,unk,no,good,p,fair,fair,no,vaki,NA
2013-03-26,15:45:00,up,rbt,42,4.8,202,j,1,unk,no,good,p,none,fair,mp,vaki,NA
2013-04-04,13:42:00,up,rbt,47,4.8,226,j,1,unk,no,good,p,poor,fair,no,vaki,NA
2013-04-08,11:39:00,up,rbt,40,4.8,192,j,1,unk,no,good,p,poor,fair,no,vaki,NA
2013-04-13,15:54:00,up,rbt,70,4.8,336,j,1,m,no,good,p,fair,fair,no,vaki,NA
2013-05-24,14:17:00,up,rbt,50,4.8,240,j,1,unk,no,good,p,poor,fair,no,vaki,NA
2013-05-30,14:18:00,up,rbt,45,4.8,216,j,1,unk,NA,good,p,poor,poor,no,vaki,NA
2013-06-01,02:38:00,up,rbt,75,4.8,360,j,1,unk,no,good,p,fair,fair,no,vaki,NA
2013-06-03,19:06:00,up,rbt,50,4.8,240,j,1,unk,yes,good,p,poor,fair,no,vaki,NA
2013-06-03,20:56:00,up,rbt,80,4.8,384,j,1,unk,yes,good,p,poor,fair,no,vaki,NA
2013-06-05,07:48:00,up,rbt,50,4.8,240,j,1,unk,no,good,p,poor,fair,no,vaki,NA
2013-06-07,06:51:00,up,rbt,45,4.8,216,j,1,unk,NA,good,l,poor,poor,no,vaki,NA
2013-06-18,11:25:00,up,rbt,47,4.8,226,j,1,unk,NA,good,p,poor,fair,no,vaki,NA
2013-09-28,07:06:00,up,rbt,47,4.8,226,j,1,unk,NA,good,p,fair,fair,or,vaki,NA
2013-10-08,17:35:00,up,rbt,90,4.8,432,a,1,unk,no,good,p,fair,fair,no,vaki,NA
2013-10-17,02:58:00,up,rbt,87,4.8,418,a,1,unk,no,good,p,fair,fair,no,vaki,NA
2013-10-17,18:25:00,up,rbt,100,4.8,480,a,1,unk,yes,good,p,fair,fair,no,vaki,NA
2013-10-20,00:35:00,up,rbt,93,4.8,446,a,1,unk,yes,good,p,fair,fair,no,vaki,NA
2013-10-20,22:17:00,up,rbt,92,4.8,442,a,1,unk,no,good,p,fair,fair,no,vaki,NA
2013-10-21,01:32:00,up,rbt,120,4.8,576,a,1,unk,no,good,p,fair,fair,no,vaki,NA
2013-10-22,23:25:00,up,rbt,73,4.8,350,j,1,unk,no,good,p,poor,fair,no,vaki,NA
2013-10-24,06:20:00,up,rbt,102,4.8,490,a,1,unk,no,good,vl,fair,poor,tb,vaki,NA
2013-10-24,16:42:00,up,rbt,45,4.8,216,j,1,unk,NA,good,p,poor,poor,no,vaki,NA
2013-10-25,12:58:00,up,rbt,82,4.8,394,j,1,unk,no,good,p,fair,fair,no,vaki,NA
2013-10-26,07:58:00,up,rbt,85,4.8,408,a,1,unk,no,good,p,fair,fair,no,vaki,NA
2013-10-28,13:57:00,up,rbt,87,4.8,418,a,1,unk,no,good,p,fair,fair,no,vaki,NA
2013-11-17,01:56:00,up,rbt,101,4.8,485,a,1,unk,yes,good,p,fair,fair,no,vaki,NA
2013-11-20,21:00:00,up,rbt,85,4.8,408,a,1,unk,no,good,p,poor,fair,tb,vaki,NA
2013-11-21,01:27:00,up,rbt,107,4.8,514,a,1,unk,yes,good,p,poor,fair,no,vaki,NA
2013-11-21,02:32:00,up,rbt,117,4.8,562,a,1,unk,yes,good,p,fair,fair,no,vaki,NA
2013-11-21,04:03:00,up,rbt,90,4.8,432,a,1,unk,no,good,p,fair,fair,no,vaki,NA
2013-11-21,06:52:00,up,rbt,87,4.8,418,a,1,unk,no,good,p,fair,fair,no,vaki,NA
2013-11-22,18:09:00,up,rbt,117,4.8,562,a,1,unk,yes,good,p,good,fair,no,vaki,NA
2013-12-17,15:51:00,up,rbt,92,4.8,442,a,1,unk,no,good,p,good,fair,no,vaki,NA
2013-12-19,22:44:00,up,rbt,81,4.8,389,j,1,unk,no,good,p,fair,fair,no,vaki,NA
2014-01-07,12:16:00,up,rbt,52,4.8,250,j,1,unk,no,good,p,fair,fair,no,vaki,NA
2014-01-20,22:00:00,up,rbt,92,4.8,442,a,1,unk,no,good,p,fair,fair,no,vaki,NA
2014-01-23,19:44:00,up,rbt,85,4.8,408,a,1,unk,no,good,p,fair,fair,no,vaki,NA
2014-01-24,20:16:00,up,rbt,112,4.8,538,a,1,unk,yes,good,p,poor,fair,no,vaki,NA
2014-01-28,12:49:00,up,rbt,57,4.8,274,j,1,m,no,good,p,poor,fair,no,vaki,NA
2014-01-29,15:33:00,up,rbt,110,4.8,528,a,1,unk,no,good,p,fair,fair,ss,vaki,NA
2014-01-30,01:57:00,up,rbt,125,4.8,600,a,1,unk,yes,good,p,fair,fair,no,vaki,NA
2014-01-30,21:05:00,up,rbt,92,4.8,442,a,1,unk,yes,good,p,poor,fair,no,vaki,NA
2014-01-31,15:37:00,up,rbt,85,4.8,408,a,1,unk,no,good,p,fair,fair,no,vaki,NA
2014-02-08,02:40:00,up,rbt,80,4.8,384,j,1,unk,yes,good,p,poor,fair,no,vaki,NA
2014-02-09,03:32:00,up,rbt,75,4.8,360,j,1,unk,no,good,p,fair,fair,no,vaki,NA
2014-02-14,09:09:00,up,rbt,87,4.8,418,a,1,unk,NA,good,vl,fair,poor,no,vaki,NA
2014-02-22,16:37:00,up,rbt,102,4.8,490,a,1,unk,no,good,p,fair,fair,no,vaki,NA
2014-02-24,07:34:00,up,rbt,40,4.8,192,j,1,unk,no,good,p,poor,fair,no,vaki,NA
2014-03-13,22:02:00,up,rbt,110,4.8,528,a,1,unk,NA,good,p,poor,poor,no,vaki,NA
2014-03-15,12:49:00,up,rbt,40,4.8,192,j,1,unk,no,good,p,poor,fair,no,vaki,NA
2014-03-20,10:31:00,up,rbt,90,4.8,432,a,1,unk,no,good,p,fair,fair,no,vaki,NA
2014-04-10,13:28:00,up,rbt,47,4.8,226,j,1,unk,no,good,p,poor,fair,no,vaki,NA
2014-04-10,18:35:00,up,rbt,45,4.8,216,j,1,unk,NA,good,p,fair,poor,no,vaki,NA
2014-04-10,18:44:00,up,rbt,50,4.8,240,j,1,unk,no,good,p,fair,poor,no,vaki,NA
2014-04-10,18:45:00,up,rbt,47,4.8,226,j,1,unk,NA,good,p,fair,poor,no,vaki,NA
2014-04-11,08:30:00,up,rbt,40,4.8,192,j,1,unk,no,good,vl,poor,poor,no,vaki,NA
2014-10-18,00:58:00,up,rbt,85,4.8,408,a,1,unk,no,good,p,fair,fair,no,vaki,NA
2014-12-01,18:40:00,up,rbt,95,4.8,456,a,1,f,no,good,p,fair,fair,no,vaki,NA
2014-12-01,18:40:00,down,rbt,92,4.8,442,a,-1,f,no,good,p,poor,none,NA,vaki,NA
2014-12-01,18:49:00,up,rbt,97,4.8,466,a,1,f,no,good,p,poor,fair,no,vaki,NA
2014-12-04,21:44:00,up,rbt,115,4.8,552,a,1,f,no,good,p,fair,fair,no,vaki,NA
2015-01-17,23:07:00,up,rbt,82,4.8,394,j,1,f,yes,good,p,fair,fair,no,vaki,NA
2015-01-17,23:07:00,down,rbt,82,4.8,394,j,-1,f,yes,good,p,poor,none,NA,vaki,NA
2015-01-18,01:52:00,up,rbt,80,4.8,384,j,1,f,yes,good,p,fair,fair,no,vaki,NA
2015-02-03,01:28:00,up,rbt,85,4.8,408,a,1,m,no,good,p,fair,fair,no,vaki,NA
2015-02-08,16:21:00,up,rbt,102,4.8,490,a,1,f,no,good,p,fair,poor,tb,vaki,NA
2015-02-12,02:47:00,up,rbt,115,4.8,552,a,1,unk,no,good,vl,fair,poor,tb,vaki,NA
2015-02-12,02:47:00,down,rbt,110,4.8,528,a,-1,unk,no,good,vl,fair,none,NA,vaki,NA
2015-02-12,02:59:00,up,rbt,123,4.8,590,a,1,unk,no,good,vl,fair,poor,tb,vaki,NA
2015-02-12,17:05:00,up,rbt,82,4.8,394,j,1,unk,yes,good,vl,fair,poor,tb,vaki,NA
2015-02-21,06:18:00,up,rbt,120,4.8,576,a,1,f,yes,good,p,fair,fair,no,vaki,NA
2015-02-21,06:18:00,down,rbt,120,4.8,576,a,-1,f,yes,good,p,fair,none,NA,vaki,NA
2015-02-21,06:22:00,up,rbt,120,4.8,576,a,1,f,yes,good,p,fair,fair,no,vaki,NA
2015-11-08,21:53:00,up,rbt,72,4.8,346,j,1,unk,yes,good,p,poor,poor,no,vaki,NA
2015-12-28,20:51:00,up,rbt,65,4.8,312,j,1,unk,no,good,p,fair,fair,no,vaki,NA
2016-01-17,04:46:00,up,rbt,75,4.8,360,j,1,unk,NA,good,p,fair,fair,tb,vaki,NA
2016-01-17,04:46:00,down,rbt,77,4.8,370,j,-1,unk,NA,good,p,fair,none,NA,vaki,NA
2016-01-18,04:46:00,up,rbt,80,4.8,384,j,1,unk,NA,good,vl,fair,poor,or,vaki,NA
2016-02-05,20:13:00,up,rbt,131,4.8,629,a,1,unk,yes,good,p,fair,fair,no,vaki,NA
2016-02-08,19:18:00,up,rbt,135,4.8,648,a,1,unk,yes,good,p,fair,fair,no,vaki,NA
2016-10-07,01:09:00,up,rbt,105,4.8,504,a,1,unk,no,good,p,fair,fair,no,vaki,NA
2016-10-07,02:38:00,up,rbt,95,4.8,456,a,1,f,no,good,p,fair,fair,no,vaki,NA
2016-10-13,23:10:00,up,rbt,105,4.8,504,a,1,f,no,good,p,fair,fair,no,vaki,NA
2016-10-18,02:03:00,up,rbt,111,4.8,533,a,1,m,no,good,p,fair,fair,no,vaki,NA
2016-10-18,18:26:00,up,rbt,102,4.8,490,a,1,unk,yes,good,p,fair,poor,em,vaki,NA
2016-10-18,21:44:00,up,rbt,95,4.8,456,a,1,unk,yes,good,p,fair,good,no,vaki,NA
2016-10-19,09:55:00,up,rbt,82,4.8,394,j,1,unk,yes,good,p,fair,fair,no,vaki,NA
2016-10-19,18:31:00,up,rbt,100,4.8,480,a,1,f,NA,good,p,fair,fair,no,vaki,NA
2016-10-19,19:15:00,up,rbt,105,4.8,504,a,1,unk,yes,good,p,fair,fair,no,vaki,NA
2016-10-20,22:58:00,up,rbt,90,4.8,432,a,1,unk,no,good,p,good,fair,no,vaki,NA
2016-10-21,21:59:00,up,rbt,70,4.8,336,j,1,f,no,good,p,none,fair,no,vaki,NA
2016-10-22,11:03:00,up,rbt,95,4.8,456,a,1,f,yes,good,p,fair,fair,no,vaki,NA
2016-10-23,09:28:00,up,rbt,85,4.8,408,a,1,unk,yes,good,p,fair,fair,no,vaki,NA
2016-10-26,09:02:00,up,rbt,75,4.8,360,j,1,unk,yes,good,p,poor,poor,tb,vaki,NA
2016-10-27,22:03:00,up,rbt,95,4.8,456,a,1,m,yes,good,p,poor,fair,no,vaki,NA
2016-10-29,10:31:00,up,rbt,92,4.8,442,a,1,unk,NA,good,l,poor,poor,tb,vaki,NA
2016-11-13,19:30:00,up,rbt,82,4.8,394,j,1,unk,NA,good,p,poor,fair,no,vaki,NA
2016-11-22,17:18:00,up,rbt,105,4.8,504,a,1,m,no,good,p,fair,fair,no,vaki,NA
2016-11-22,18:31:00,up,rbt,85,4.8,408,a,1,m,no,good,p,poor,fair,no,vaki,NA
2016-11-28,00:30:00,up,rbt,82,4.8,394,j,1,unk,no,good,p,poor,poor,tb,vaki,NA
2016-11-28,17:08:00,up,rbt,87,4.8,418,a,1,f,yes,good,p,fair,fair,no,vaki,NA
2016-12-07,03:17:00,up,rbt,72,4.8,346,j,1,f,yes,good,p,fair,good,no,vaki,NA
2016-12-23,12:38:00,up,rbt,75,4.8,360,j,1,f,no,good,p,fair,fair,no,vaki,NA
2017-01-01,17:31:00,up,rbt,105,4.8,504,a,1,m,yes,good,p,fair,fair,no,vaki,NA
2017-01-02,00:56:00,up,rbt,92,4.8,442,a,1,f,yes,good,vl,fair,poor,ss,vaki,NA
2017-01-03,12:40:00,up,rbt,85,4.8,408,a,1,m,yes,good,p,fair,good,no,vaki,NA
2017-10-13,07:30:00,up,rbt,75,4.8,360,j,1,unk,yes,good,p,good,good,no,vaki,NA
2018-10-09,01:19:00,up,rbt,98,4.8,470,a,1,m,no,good,p,good,fair,no,trap,NA
2018-10-09,01:19:00,down,rbt,95,4.8,456,a,-1,m,no,good,p,fair,none,NA,trap,NA
2018-10-09,01:28:00,up,rbt,94,4.8,451,a,1,m,no,good,p,good,fair,no,trap,NA
2018-10-09,01:28:00,down,rbt,105,4.8,504,a,-1,m,no,good,p,poor,none,NA,trap,NA
2018-10-17,01:55:00,up,rbt,102,4.8,490,a,1,f,no,good,p,good,fair,no,vaki,NA
2018-10-19,16:25:00,up,rbt,82,4.8,394,j,1,unk,yes,good,p,good,good,no,vaki,NA
2018-10-20,17:56:00,up,rbt,77,4.8,370,j,1,unk,yes,good,vl,fair,good,no,vaki,NA
2018-10-22,01:53:00,up,rbt,77,4.8,370,j,1,unk,no,good,vl,fair,fair,no,vaki,NA
2018-10-24,16:25:00,up,rbt,70,4.8,336,j,1,unk,no,good,p,fair,fair,no,vaki,NA
2018-10-24,19:14:00,up,rbt,97,4.8,466,a,1,unk,yes,good,p,poor,fair,or,vaki,NA
2018-10-24,19:14:00,down,rbt,87,4.8,418,a,-1,unk,yes,good,p,fair,none,NA,vaki,NA
2018-10-24,20:07:00,up,rbt,97,4.8,466,a,1,unk,yes,good,p,fair,fair,no,vaki,NA
2018-10-26,00:30:00,up,rbt,92,4.8,442,a,1,unk,no,good,p,fair,fair,no,vaki,NA
2018-10-26,00:30:00,down,rbt,92,4.8,442,a,-1,unk,no,good,p,none,none,NA,vaki,NA
2018-10-26,00:38:00,up,rbt,87,4.8,418,a,1,unk,no,good,p,good,good,no,vaki,NA
2018-10-26,14:38:00,up,rbt,87,4.8,418,a,1,f,no,good,p,good,good,no,vaki,NA
2018-10-27,12:42:00,up,rbt,102,4.8,490,a,1,unk,no,good,p,good,good,no,vaki,NA
2018-10-28,08:27:00,up,rbt,90,4.8,432,a,1,m,no,good,p,fair,fair,no,vaki,NA
2018-10-28,23:42:00,up,rbt,97,4.8,466,a,1,unk,no,good,p,good,fair,no,vaki,NA
2018-10-28,23:42:00,down,rbt,112,4.8,538,a,-1,unk,no,good,p,poor,none,NA,vaki,NA
2018-10-28,23:45:00,up,rbt,108,4.8,518,a,1,unk,no,good,p,poor,fair,no,vaki,NA
2018-10-29,00:09:00,up,rbt,82,4.8,394,j,1,unk,no,good,p,good,fair,no,vaki,NA
2018-10-29,00:09:00,down,rbt,52,4.8,250,j,-1,unk,no,good,p,fair,none,NA,vaki,NA
2018-10-29,00:09:00,up,rbt,77,4.8,370,j,1,unk,no,good,p,fair,fair,no,vaki,NA
2018-10-29,06:19:00,up,rbt,102,4.8,490,a,1,m,no,good,p,good,good,no,vaki,NA
2018-10-29,06:19:00,down,rbt,110,4.8,528,a,-1,m,no,good,p,poor,none,NA,vaki,NA
2018-10-29,06:19:00,up,rbt,102,4.8,490,a,1,m,no,good,p,fair,good,no,vaki,NA
2018-10-29,19:33:00,up,rbt,80,4.8,384,j,1,unk,yes,good,p,fair,fair,no,vaki,NA
2018-10-31,07:04:00,up,rbt,75,4.8,360,j,1,unk,no,good,p,fair,fair,no,vaki,NA
2018-11-03,10:21:00,up,rbt,85,4.8,408,a,1,unk,yes,good,p,good,good,no,vaki,NA
2018-11-04,02:46:00,up,rbt,107,4.8,514,a,1,unk,no,good,p,good,good,no,vaki,NA
2018-11-05,12:05:00,up,rbt,62,4.8,298,j,1,unk,NA,good,l,poor,poor,tb,vaki,NA
2018-11-07,21:36:00,up,rbt,95,4.8,456,a,1,unk,yes,good,p,fair,fair,no,vaki,NA
2018-11-22,20:33:00,up,rbt,80,4.8,384,j,1,unk,NA,good,vl,good,poor,tb,vaki,NA
2018-11-23,03:25:00,up,rbt,75,4.8,360,j,1,unk,no,good,vl,good,fair,tb,vaki,NA
2018-11-23,03:25:00,down,rbt,95,4.8,456,a,-1,unk,no,good,vl,poor,none,NA,vaki,NA
2018-11-23,06:47:00,up,rbt,67,4.8,322,j,1,unk,no,good,p,fair,fair,tb,vaki,NA
2018-11-24,22:47:00,up,rbt,135,4.8,648,a,1,unk,no,good,p,fair,fair,tb,vaki,NA
2018-12-15,00:34:00,up,rbt,85,4.8,408,a,1,unk,yes,good,p,fair,good,no,vaki,NA
2019-01-08,13:17:00,up,rbt,138,4.8,662,a,1,m,yes,good,p,good,poor,tb,vaki,NA
2019-01-08,13:18:00,down,rbt,127,4.8,610,a,-1,m,yes,good,p,poor,none,NA,vaki,NA
2019-01-08,13:25:00,up,rbt,137,4.8,658,a,1,m,yes,good,p,good,poor,tb,vaki,NA
2019-01-14,15:14:00,up,rbt,146,4.8,701,a,1,m,yes,good,p,good,fair,no,vaki,NA
2019-02-02,03:32:00,up,rbt,85,4.8,408,a,1,unk,NA,good,vl,fair,poor,tb,vaki,NA
2019-09-06,15:13:00,up,rbt,55,4.8,264,j,1,unk,no,good,p,good,good,no,vaki,NA
2019-09-08,12:51:00,up,rbt,78,4.8,374,j,1,unk,no,good,p,fair,good,no,vaki,NA
2019-09-11,06:19:00,up,rbt,60,4.8,288,j,1,unk,NA,good,p,fair,fair,or,vaki,NA
2019-09-11,06:19:00,down,rbt,63,4.8,302,j,-1,unk,NA,good,p,poor,poor,NA,vaki,NA
2019-09-16,17:20:00,up,rbt,67,4.8,322,j,1,unk,no,good,p,good,good,no,vaki,NA
2019-09-16,23:06:00,up,rbt,85,4.8,408,a,1,unk,yes,good,p,fair,good,no,vaki,NA
2019-09-16,23:06:00,down,rbt,85,4.8,408,a,-1,unk,yes,good,p,fair,good,no,vaki,NA
2019-09-17,21:11:00,up,rbt,86,4.8,413,a,1,unk,yes,good,p,poor,good,no,vaki,NA
2019-09-17,21:11:00,down,rbt,69,4.8,331,j,-1,unk,yes,good,p,poor,n/a,NA,vaki,NA
2019-09-17,21:17:00,up,rbt,90,4.8,432,a,1,unk,yes,good,p,good,good,no,vaki,NA
2019-09-26,20:23:00,up,rbt,117,4.8,562,a,1,unk,no,good,p,good,fair,or,vaki,NA
2019-10-06,07:26:00,up,rbt,65,4.8,312,j,1,unk,no,good,p,poor,good,no,vaki,NA
2019-10-06,07:26:00,down,rbt,60,4.8,288,j,-1,unk,no,good,p,poor,n/a,NA,vaki,NA
2019-10-06,13:15:00,up,rbt,70,4.8,336,j,1,unk,no,good,p,fair,good,no,vaki,NA
2019-10-06,13:15:00,down,rbt,62,4.8,298,j,-1,unk,no,good,p,good,n/a,NA,vaki,NA
2019-10-07,18:19:00,up,rbt,80,4.8,384,j,1,unk,no,good,p,fair,good,no,vaki,NA
2019-10-08,21:19:00,up,rbt,110,4.8,528,a,1,f,yes,good,p,poor,good,no,vaki,NA
2019-10-12,07:05:00,up,rbt,110,4.8,528,a,1,unk,yes,good,p,fair,good,no,vaki,NA
2019-10-14,12:32:00,up,rbt,72,4.8,346,j,1,unk,no,good,p,good,good,no,vaki,NA
2019-10-18,13:57:00,up,rbt,108,4.8,518,a,1,f,yes,good,p,good,good,no,vaki,NA
2019-10-19,23:35:00,up,rbt,95,4.8,456,a,1,unk,yes,good,p,good,good,no,vaki,NA
2019-10-25,12:12:00,up,rbt,102,4.8,490,a,1,unk,yes,l,p,good,good,no,vaki,NA
2019-10-28,23:49:00,up,rbt,92,4.8,442,a,1,unk,no,good,p,good,good,no,vaki,NA
2019-10-29,10:26:00,up,rbt,57,4.8,274,j,1,unk,yes,good,p,fair,poor,no,vaki,NA
2019-10-29,10:26:00,down,rbt,57,4.8,274,j,-1,unk,yes,good,p,poor,n/a,NA,vaki,NA
2019-10-29,11:18:00,up,rbt,57,4.8,274,j,1,unk,yes,good,p,fair,good,no,vaki,NA
2019-10-30,19:02:00,up,rbt,95,4.8,456,a,1,unk,yes,good,p,poor,good,no,vaki,NA
2019-10-30,19:02:00,down,rbt,102,4.8,490,a,-1,unk,yes,good,p,fair,n/a,NA,vaki,NA
2019-10-30,19:13:00,up,rbt,91,4.8,437,a,1,unk,yes,good,p,fair,good,no,vaki,NA
2019-11-01,07:20:00,up,rbt,72,4.8,346,j,1,unk,no,good,p,good,good,no,vaki,NA
2019-11-01,10:04:00,up,rbt,70,4.8,336,j,1,unk,no,good,p,good,good,no,vaki,NA
2019-11-02,09:56:00,up,rbt,90,4.8,432,a,1,unk,yes,good,p,good,good,no,vaki,NA
2019-11-04,16:08:00,up,rbt,92,4.8,442,a,1,unk,yes,good,p,good,good,no,vaki,NA
2019-11-05,16:01:00,up,rbt,80,4.8,384,j,1,unk,no,good,p,good,good,no,vaki,NA
2019-11-06,08:31:00,up,rbt,70,4.8,336,j,1,unk,no,good,p,good,good,no,vaki,NA
2019-11-09,07:55:00,up,rbt,55,4.8,264,j,1,unk,yes,good,p,fair,poor,tb,vaki,NA
2019-11-09,11:25:00,up,rbt,60,4.8,288,j,1,unk,yes,good,p,fair,poor,tb,vaki,NA
2019-11-09,15:00:00,up,rbt,80,4.8,384,j,1,unk,no,good,p,fair,poor,tb,vaki,NA
2019-11-09,21:56:00,up,rbt,75,4.8,360,j,1,unk,no,good,vl,fair,poor,tb,vaki,NA
2019-11-11,15:40:00,up,rbt,120,4.8,576,a,1,unk,no,good,vl,good,poor,tb,vaki,NA
2019-11-12,11:05:00,up,rbt,71,4.8,341,j,1,unk,no,good,p,good,good,no,vaki,NA
2019-11-12,18:47:00,up,rbt,75,4.8,360,j,1,unk,no,good,p,fair,fair,no,vaki,NA
2019-11-12,23:45:00,up,rbt,135,4.8,648,a,1,unk,no,good,p,good,good,no,vaki,NA
2019-11-21,12:07:00,up,rbt,62,4.8,298,j,1,unk,yes,good,p,fair,fair,no,vaki,NA
2019-11-30,10:12:00,up,rbt,97,4.8,466,a,1,unk,no,good,p,good,fair,no,vaki,NA
2020-11-01,20:50:00,up,rbt,130,4.8,624,a,1,unk,yes,ab,p,poor,fair,or,vaki,NA
2020-11-16,07:54:00,up,rbt,62,4.8,297.6,j,1,unk,no,good,p,fair,good,no,vaki,NA
2020-11-19,11:19:00,up,rbt,57,4.8,273.6,j,1,unk,no,good,vl,poor,poor,tb,vaki,NA
2020-11-24,07:08:00,up,rbt,60,4.8,288,j,1,unk,no,good,p,fair,good,no,vaki,NA
2020-12-27,07:54:00,up,rbt,75,4.8,360,j,1,unk,no,good,p,fair,fair,no,vaki,NA
2020-12-28,06:50:00,up,rbt,65,4.8,312,j,1,unk,no,good,p,good,fair,tb,vaki,NA
2020-12-28,06:50:00,down,rbt,65,4.8,312,j,-1,unk,no,good,p,poor,none,NA,vaki,NA
2020-12-31,12:38:00,up,rbt,67,4.8,321.6,j,1,unk,no,good,vl,fair,fair,or,vaki,NA
2020-12-31,17:04:00,up,rbt,65,4.8,312,j,1,unk,no,good,p,good,fair,db,vaki,NA
2021-09-25,22:26:00,up,rbt,97,4.6,446,a,1,unk,yes,n/a,p,fair,good,no,vaki,NA
2021-10-18,01:33:00,up,rbt,118,4.6,543,a,1,f,yes,n/a,p,fair,fair,no,vaki,NA
2021-10-18,01:33:00,down,rbt,95,4.6,437,a,-1,f,yes,n/a,p,fair,n/a,NA,vaki,NA
2021-10-18,07:09:00,up,rbt,111,4.6,511,a,1,f,yes,n/a,p,good,fair,no,vaki,NA
2021-10-19,07:07:00,up,rbt,82,4.6,377,a,1,unk,no,n/a,p,fair,fair,no,vaki,NA
2021-10-19,07:07:00,down,rbt,75,4.6,345,a,-1,unk,no,n/a,p,fair,n/a,NA,vaki,chn chases rbt down river
2021-10-30,10:39:00,up,rbt,103,4.6,474,a,1,unk,yes,n/a,p,good,good,no,vaki,NA
2021-10-30,15:45:00,up,rbt,92,4.6,423,a,1,unk,yes,n/a,p,fair,good,no,vaki,NA
2021-11-02,03:37:00,up,rbt,107,4.6,492,a,1,unk,yes,n/a,p,fair,fair,no,vaki,NA
2021-11-03,05:28:00,up,rbt,98,4.6,451,a,1,unk,yes,n/a,p,poor,good,no,vaki,NA
2021-11-03,05:28:00,down,rbt,112,4.6,515,a,-1,unk,yes,n/a,p,poor,n/a,NA,vaki,NA
2021-11-03,05:53:00,up,rbt,126,4.6,580,a,1,unk,no,n/a,p,fair,poor,no,vaki,hard to tell if rbt or chn
2021-11-03,19:09:00,up,rbt,90,4.6,414,a,1,unk,yes,n/a,p,fair,good,no,vaki,NA
2021-11-04,06:41:00,up,rbt,96,4.6,442,a,1,unk,yes,n/a,p,fair,fair,no,vaki,NA
2021-11-04,06:41:00,down,rbt,112,4.6,515,a,-1,unk,yes,n/a,p,good,n/a,NA,vaki,NA
2021-11-06,21:49:00,up,rbt,85,4.6,391,a,1,unk,yes,n/a,p,fair,good,no,vaki,NA
2021-11-06,21:49:00,down,rbt,87,4.6,400,a,-1,unk,yes,n/a,p,poor,n/a,NA,vaki,NA
2021-11-07,03:26:00,up,rbt,100,4.6,460,a,1,unk,yes,n/a,p,fair,good,no,vaki,NA
2021-11-08,07:12:00,up,rbt,66,4.6,304,a,1,unk,yes,n/a,vl,poor,poor,or,trap,NA
2021-11-08,07:12:00,down,rbt,72,4.6,331,a,-1,unk,yes,n/a,p,poor,n/a,NA,trap,NA
2021-11-15,16:33:00,up,rbt,97,4.6,466,a,1,unk,yes,n/a,p,fair,good,no,vaki,NA
2021-11-16,00:26:00,up,rbt,90,4.6,432,a,1,unk,yes,n/a,p,fair,fair,no,vaki,NA
2021-11-21,17:21:00,up,rbt,90,4.6,432,a,1,unk,yes,n/a,p,fair,fair,no,vaki,NA
2021-12-01,11:55:00,up,rbt,112,4.6,515,a,1,unk,yes,n/a,p,good,good,no,vaki,male?
2021-12-05,14:36:00,up,rbt,87,4.6,400,a,1,unk,no,n/a,p,fair,good,no,vaki,NA
2021-12-07,08:22:00,up,rbt,90,4.6,414,a,1,unk,no,n/a,p,good,good,no,trap,NA
2021-12-08,01:52:00,up,rbt,107,4.6,492,a,1,unk,yes,n/a,vl,good,poor,em,vaki,NA
2021-12-12,17:18:00,up,rbt,90,4.6,414,a,1,unk,yes,n/a,p,good,good,no,vaki,NA
2021-12-12,17:19:00,down,rbt,87,4.6,400,a,-1,unk,yes,n/a,p,fair,n/a,NA,vaki,NA
2021-12-12,18:50:00,up,rbt,100,4.6,460,a,1,m,yes,n/a,p,good,fair,no,vaki,NA
2021-12-13,17:34:00,up,rbt,89,4.6,409,a,1,unk,NA,n/a,vl,good,poor,tb,trap,NA
2021-12-13,19:50:00,up,rbt,106,4.6,488,a,1,unk,NA,n/a,vl,good,poor,tb,trap,NA
2021-12-13,19:54:00,down,rbt,84,4.6,386,a,-1,unk,NA,n/a,vl,poor,n/a,NA,trap,NA
2021-12-13,19:54:00,up,rbt,100,4.6,460,a,1,unk,NA,n/a,vl,fair,poor,tb,trap,NA
2021-12-13,20:00:00,down,rbt,85,4.6,391,a,-1,unk,NA,n/a,vl,fair,n/a,NA,trap,NA
2021-12-13,20:02:00,up,rbt,102,4.6,469,a,1,unk,NA,n/a,vl,good,poor,tb,trap,NA
2021-12-13,20:03:00,down,rbt,86,4.6,396,a,-1,unk,NA,n/a,vl,fair,n/a,NA,trap,NA
2021-12-13,20:36:00,up,rbt,105,4.6,483,a,1,unk,NA,n/a,vl,good,poor,tb,trap,NA
2021-12-17,10:54:00,up,rbt,82,4.6,377,a,1,unk,NA,n/a,l,fair,poor,tb,vaki,NA
2021-12-20,07:25:00,up,rbt,100,4.6,460,a,1,m,yes,n/a,p,fair,good,no,trap,NA
2021-12-20,08:00:00,up,rbt,75,4.6,345,a,1,unk,no,n/a,p,fair,good,no,trap,NA
2021-12-20,08:01:00,down,rbt,65,4.6,299,j,-1,unk,no,n/a,p,fair,n/a,NA,trap,NA
2021-12-20,12:36:00,up,rbt,88,4.6,405,a,1,unk,no,n/a,p,fair,good,no,trap,NA
2021-12-20,12:37:00,down,rbt,85,4.6,391,a,-1,unk,no,n/a,p,good,n/a,NA,trap,NA
2021-12-22,22:01:00,up,rbt,80,4.6,368,a,1,unk,yes,n/a,p,fair,fair,no,trap,NA
2021-12-22,22:30:00,down,rbt,68,4.6,313,a,-1,unk,yes,n/a,p,fair,n/a,NA,trap,NA
2021-12-23,11:37:00,up,rbt,82,4.6,377,a,1,unk,yes,n/a,vl,fair,poor,tb,vaki,NA
2021-12-23,17:25:00,up,rbt,92,4.6,423,a,1,unk,yes,n/a,vl,good,poor,tb,vaki,NA
2021-12-24,15:49:00,up,rbt,92,4.6,423,a,1,unk,yes,n/a,vl,fair,poor,tb,vaki,NA
2021-12-29,11:33:00,up,rbt,48,4.6,221,j,1,unk,NA,n/a,l,poor,poor,tb,vaki,NA
2021-12-29,12:41:00,up,rbt,93,4.6,428,a,1,unk,NA,n/a,l,fair,poor,tb,vaki,NA
2021-12-29,13:11:00,up,rbt,96,4.6,442,a,1,unk,NA,n/a,vl,fair,poor,tb,vaki,NA
2021-12-30,14:30:00,up,rbt,90,4.6,414,a,1,unk,NA,n/a,p,good,poor,tb,vaki,NA
2022-01-18,04:35:00,up,rbt,95,4.6,437,a,1,unk,yes,n/a,p,fair,good,no,trap,NA
2022-01-18,04:42:00,down,rbt,93,4.6,428,a,-1,unk,yes,n/a,p,fair,n/a,NA,trap,NA
2022-01-22,21:15:00,up,rbt,70,4.6,322,a,1,unk,no,n/a,p,good,good,no,trap,NA
2022-01-22,22:34:00,down,rbt,72,4.6,331,a,-1,unk,no,n/a,p,good,n/a,NA,trap,NA
2022-01-29,01:37:00,up,rbt,102,4.6,469,a,1,unk,NA,n/a,l,fair,poor,db,vaki,NA
2022-02-05,02:10:00,up,rbt,108,4.6,497,a,1,unk,yes,n/a,p,poor,fair,no,vaki,NA
2022-02-09,19:11:00,up,rbt,87,4.6,400,a,1,unk,no,n/a,vl,good,fair,no,vaki,NA
2022-02-11,17:43:00,up,rbt,102,4.6,469,a,1,unk,no,n/a,p,good,good,no,vaki,no scar present
2022-02-11,17:49:00,up,rbt,93,4.6,428,a,1,unk,no,n/a,p,poor,good,no,vaki,has small scar before dorsal fin
2022-02-11,17:49:00,down,rbt,99,4.6,455,a,-1,unk,no,n/a,p,fair,n/a,NA,vaki,NA
2022-02-11,18:08:00,up,rbt,104,4.6,478,a,1,unk,no,n/a,p,fair,good,no,vaki,NA
2022-02-14,10:56:00,up,rbt,80,4.6,368,a,1,m,no,n/a,p,good,good,no,vaki,NA
2022-02-16,09:18:00,up,rbt,40,4.6,184,j,1,unk,NA,n/a,vl,poor,good,no,vaki,NA
2022-03-02,22:46:00,up,rbt,80,4.6,368,a,1,unk,yes,n/a,p,good,fair,no,vaki,NA
2022-03-02,22:46:00,down,rbt,77,4.6,354.2,a,-1,unk,yes,n/a,p,fair,n/a,NA,vaki,NA
2022-03-02,22:48:00,up,rbt,77,4.6,354.2,a,1,unk,yes,n/a,p,fair,good,no,vaki,NA
2022-03-02,22:48:00,down,rbt,87,4.6,400.2,a,-1,unk,yes,n/a,p,poor,n/a,NA,vaki,NA
2022-03-02,22:48:00,up,rbt,62,4.6,285.2,j,1,unk,yes,n/a,p,poor,good,no,vaki,NA
2022-03-14,11:53:00,up,rbt,42,4.6,193.2,j,1,unk,no,n/a,p,fair,good,no,vaki,small fish can fit thru pickets
2022-03-18,11:31:00,up,rbt,47,4.6,216.2,j,1,unk,no,n/a,p,fair,good,no,vaki,NA
2022-03-18,14:53:00,down,rbt,53,4.6,243.8,j,-1,unk,no,n/a,p,poor,n/a,NA,vaki,NA
2022-03-19,07:43:00,up,rbt,52,4.6,239.2,j,1,unk,no,n/a,p,poor,fair,mp,vaki,NA
2022-03-19,07:43:00,up,rbt,52,4.6,239.2,j,1,unk,no,n/a,p,none,n/a,NA,vaki,inserted passage
2022-03-19,08:45:00,down,rbt,46,4.6,211.6,j,-1,unk,no,n/a,p,poor,n/a,NA,vaki,NA
2022-03-19,08:45:00,down,rbt,46,4.6,211.6,j,-1,unk,no,n/a,p,none,n/a,NA,vaki,inserted passage
2022-03-19,12:34:00,up,rbt,45,4.6,207,j,1,unk,no,n/a,p,poor,good,no,vaki,not found in trap - escaped
2022-03-19,12:43:00,up,rbt,40,4.6,184,j,1,unk,no,n/a,p,poor,good,no,vaki,not found in trap - escaped
2022-03-19,12:45:00,up,rbt,47,4.6,216.2,j,1,unk,no,n/a,p,poor,good,no,vaki,not found in trap - escaped
2022-03-20,07:23:00,up,rbt,45,4.6,207,j,1,unk,no,n/a,p,poor,good,no,vaki,not found in trap - escaped
2022-03-20,16:06:00,up,rbt,47,4.6,216.2,j,1,unk,no,n/a,p,poor,good,no,vaki,not found in trap - escaped
2022-03-21,01:38:00,up,rbt,81,4.6,372.6,a,1,unk,no,n/a,p,poor,good,no,vaki,NA
2022-03-21,01:39:00,down,rbt,75,4.6,345,a,-1,unk,no,n/a,vl,poor,n/a,NA,vaki,NA
2022-03-21,02:03:00,up,rbt,65,4.6,299,j,1,unk,no,n/a,p,poor,good,no,vaki,not found in trap - escaped
2022-03-22,08:15:00,up,rbt,45,4.6,207,j,1,unk,no,n/a,p,poor,good,no,vaki,not found in trap - escaped
2022-03-26,09:53:00,up,rbt,47,4.6,216.2,j,1,unk,no,n/a,p,poor,good,no,vaki,not found in trap - escaped
2022-03-30,15:21:00,up,rbt,47,4.6,216.2,j,1,unk,no,n/a,p,poor,fair,no,vaki,not found in trap - escaped
2022-04-05,14:01:00,up,rbt,52,4.6,239.2,j,1,unk,no,n/a,p,poor,good,no,vaki,"trap opened at 1:30 pm, unable to remove first fyke panel"
2022-04-11,11:43:00,up,rbt,72,4.6,331.2,a,1,unk,no,n/a,p,good,good,no,vaki,NA
2022-04-12,09:00:00,up,rbt,67,4.6,308.2,a,1,unk,no,n/a,p,good,good,no,vaki,NA
2022-04-13,19:44:00,up,rbt,67,4.6,308.2,a,1,unk,no,n/a,p,fair,good,no,vaki,NA
2022-04-13,19:46:00,down,rbt,55,4.6,253,j,-1,unk,no,n/a,vl,fair,n/a,NA,vaki,NA
2022-04-14,09:23:00,up,rbt,45,4.6,207,j,1,unk,no,n/a,p,poor,good,no,vaki,NA
2022-04-14,10:02:00,down,rbt,45,4.6,207,j,-1,unk,no,n/a,p,poor,n/a,NA,vaki,NA
2022-04-15,06:40:00,up,rbt,56,4.6,257.6,j,1,unk,no,ab,p,poor,good,no,vaki,"scales missing, caudal fin erosion"
2022-04-15,07:41:00,down,rbt,47,4.6,216.2,j,-1,unk,no,n/a,p,poor,n/a,NA,vaki,NA
2022-04-17,12:40:00,up,rbt,62,4.6,285.2,j,1,unk,no,n/a,p,fair,good,no,vaki,NA
2022-04-17,12:41:00,down,rbt,62,4.6,285.2,j,-1,unk,no,n/a,p,fair,n/a,NA,vaki,NA
2022-04-18,12:59:00,up,rbt,67,4.6,308.2,a,1,unk,no,n/a,p,poor,good,no,vaki,NA
2022-04-18,13:02:00,down,rbt,66,4.6,303.6,a,-1,unk,no,n/a,p,poor,n/a,NA,vaki,NA
2022-04-18,13:52:00,up,rbt,85,4.6,391,a,1,unk,no,n/a,p,fair,good,no,vaki,NA
2022-04-18,13:52:00,down,rbt,77,4.6,354.2,a,-1,unk,no,n/a,p,fair,n/a,NA,vaki,NA
2022-04-24,15:00:00,up,rbt,57,4.6,262.2,j,1,unk,no,n/a,p,poor,good,no,vaki,NA
2022-05-15,21:37:00,up,rbt,55,4.6,264,j,1,unk,no,n/a,p,poor,good,no,vaki,NA
