PassageDate,PassageTime,PassageDirection,Species,BodyDepth,LengthCoefficient,TotalLength,LifeStage,Count,Sex,AdClip,Condition,IDCertainty,SilhouetteQuality,VideoQuality,VideoProblems,Vaki/Trap,Comments
2005-01-09,07:55:00,UP,RBT,127,4.1,520.7,A,1,F,N,GOOD,P,GOOD,POOR,TB,TRAP,NA
2005-10-15,14:28:00,UP,RBT,102,4.8,489.6,A,1,F,N,GOOD,P,POOR,GOOD,NA,VAKI,NA
2006-09-24,07:38:00,UP,RBT,80,4.2,336,J,1,UNK,N,GOOD,VL,POOR,FAIR,OR,VAKI,NA
2006-10-11,13:08:00,UP,RBT,90,4.2,378,J,1,F,Y,GOOD,P,GOOD,GOOD,NA,VAKI,NA
2006-10-25,12:39:00,UP,RBT,127,4.2,533.4,A,1,UNK,N,GOOD,P,POOR,GOOD,NA,VAKI,NA
2006-10-30,12:51:00,UP,RBT,123,4.2,516.6,A,1,F,N,GOOD,P,GOOD,GOOD,NA,VAKI,NA
2006-11-05,22:03:00,UP,RBT,90,4.2,378,J,1,UNK,N,GOOD,P,GOOD,GOOD,NA,VAKI,NA
2006-11-13,07:33:00,UP,RBT,105,4.2,441,A,1,UNK,N,GOOD,VL,POOR,FAIR,OR,VAKI,NA
2006-12-27,11:47:00,UP,RBT,120,4.2,504,A,1,UNK,UNK,GOOD,VL,POOR,FAIR,TB,VAKI,NA
2007-01-28,05:51:00,UP,RBT,115,4.2,483,A,1,UNK,UNK,GOOD,VL,POOR,FAIR,OR,VAKI,NA
2007-02-17,18:28:00,UP,RBT,132,4.2,554.4,A,1,F,N,GOOD,P,GOOD,GOOD,NA,VAKI,NA
2007-02-25,16:06:00,UP,RBT,127,4.2,533.4,A,1,F,N,GOOD,P,GOOD,GOOD,NA,VAKI,NA
2007-03-01,18:12:00,UP,RBT,115,4.2,483,A,1,F,N,GOOD,P,GOOD,FAIR,OR,VAKI,NA
2007-06-15,23:04:00,UP,RBT,75,4.2,315,J,1,UNK,N,GOOD,P,POOR,GOOD,NA,VAKI,NA
2007-10-18,11:06:00,UP,RBT,77,5.07,390,J,1,UNK,N,GOOD,P,GOOD,GOOD,NO,VAKI,NA
2007-10-30,20:44:00,UP,RBT,69,5.07,350,J,1,UNK,N,GOOD,P,POOR,GOOD,NO,VAKI,NA
2008-10-14,19:04:00,UP,RBT,102,5.07,517.14,A,1,UNK,UNK,GOOD,VL,GOOD,GOOD,NO,VAKI,NA
2008-10-25,00:33:00,UP,RBT,78,5.07,395.46,J,1,UNK,Y,GOOD,P,FAIR,GOOD,NO,TRAP,NA
2008-10-25,02:13:00,DOWN,RBT,80,5.07,405.6,A,-1,UNK,Y,GOOD,P,FAIR,NONE,NO,TRAP,NA
2008-10-27,05:28:00,UP,RBT,65,5.07,329.55,J,1,UNK,UNK,GOOD,P,POOR,FAIR,NO,VAKI,NA
2008-10-27,05:28:00,UP,RBT,84,5.07,425.88,A,1,UNK,UNK,GOOD,P,POOR,FAIR,NO,VAKI,NA
2008-10-30,22:22:00,UP,RBT,80,5.07,405.6,A,1,UNK,Y,GOOD,P,FAIR,FAIR,NO,VAKI,NA
2008-10-31,11:19:00,UP,RBT,70,5.07,354.9,J,1,UNK,Y,GOOD,P,FAIR,FAIR,NO,VAKI,NA
2008-11-02,13:56:00,UP,RBT,72,5.07,365.04,J,1,UNK,Y,GOOD,P,FAIR,FAIR,NO,VAKI,NA
2008-11-04,00:55:00,UP,RBT,118,5.07,598.26,A,1,UNK,N,GOOD,P,FAIR,FAIR,NO,VAKI,NA
2008-11-04,20:52:00,UP,RBT,54,5.07,273.78,J,1,UNK,Y,GOOD,P,POOR,FAIR,NO,TRAP,NA
2008-11-04,21:18:00,DOWN,RBT,60,5.07,304.2,J,-1,UNK,Y,GOOD,P,FAIR,NONE,NO,TRAP,NA
2008-11-04,22:12:00,UP,RBT,65,5.07,329.55,J,1,UNK,Y,GOOD,P,FAIR,FAIR,NO,TRAP,NA
2008-11-04,23:50:00,UP,RBT,72,5.07,365.04,J,1,UNK,Y,GOOD,P,FAIR,FAIR,NO,TRAP,NA
2008-11-05,01:27:00,DOWN,RBT,50,5.07,253.5,J,-1,UNK,Y,GOOD,P,FAIR,NONE,NO,TRAP,NA
2008-11-06,17:37:00,UP,RBT,85,5.07,430.95,A,1,UNK,Y,GOOD,P,FAIR,FAIR,NO,VAKI,NA
2008-11-10,17:21:00,UP,RBT,93,5.07,471.51,A,1,UNK,UNK,GOOD,P,GOOD,GOOD,NO,VAKI,NA
2008-11-12,21:17:00,UP,RBT,146,5.07,740.22,A,1,UNK,N,GOOD,VL,FAIR,FAIR,NO,TRAP,NA
2008-11-12,21:43:00,DOWN,RBT,148,5.07,750.36,A,-1,UNK,N,GOOD,VL,FAIR,NONE,NO,TRAP,NA
2008-11-14,18:18:00,UP,RBT,69,5.07,349.83,J,1,UNK,UNK,GOOD,P,FAIR,GOOD,NO,VAKI,NA
2008-11-20,13:00:00,UP,RBT,42,5.07,212.94,J,1,UNK,N,GOOD,P,POOR,FAIR,NO,TRAP,NA
2008-11-25,05:48:00,UP,RBT,97,5.07,491.79,A,1,UNK,Y,GOOD,P,FAIR,POOR,NO,VAKI,NA
2008-11-27,16:48:00,UP,RBT,82,5.07,415.74,A,1,UNK,Y,GOOD,P,FAIR,GOOD,NO,VAKI,NA
2008-12-19,04:38:00,UP,RBT,90,5.07,456,A,1,UNK,Y,GOOD,P,GOOD,FAIR,NO,VAKI,NA
2008-12-24,23:13:00,UP,RBT,121,5.07,613,A,1,M,N,GOOD,P,POOR,GOOD,NO,VAKI,NA
2008-12-25,20:38:00,UP,RBT,137,5.07,695,A,1,UNK,N,GOOD,P,FAIR,FAIR,TB,VAKI,NA
2009-06-03,19:58:00,UP,RBT,60,5.07,304,J,1,UNK,N,GOOD,P,FAIR,FAIR,NO,VAKI,NA
2009-09-18,06:05:00,UP,RBT,NA,NA,NA,J,1,UNK,N,GOOD,P,N/A,N/A,N/A,TEMP VIDEO,NA
2009-09-19,05:18:00,UP,RBT,NA,NA,NA,J,1,UNK,N,GOOD,P,N/A,N/A,N/A,TEMP VIDEO,NA
2009-09-25,05:59:00,UP,RBT,NA,NA,NA,J,1,UNK,N,GOOD,P,N/A,N/A,N/A,TEMP VIDEO,NA
2009-09-25,19:25:00,UP,RBT,NA,NA,NA,J,1,UNK,N,GOOD,P,N/A,N/A,N/A,TEMP VIDEO,NA
2009-10-14,11:45:00,UP,RBT,40,4.84,194,J,1,UNK,N,GOOD,P,POOR,FAIR,TB,VAKI,NA
2009-11-12,00:43:00,UP,RBT,100,4.84,484,A,1,F,N,GOOD,P,FAIR,FAIR,NO,VAKI,NA
2010-02-03,16:43:00,UP,RBT,70,4.84,339,J,1,UNK,N,GOOD,P,FAIR,POOR,TB,VAKI,NA
2010-02-13,13:22:00,UP,RBT,147,4.84,711,A,1,M,N,GOOD,P,FAIR,FAIR,NO,VAKI,NA
2010-03-14,14:27:00,UP,RBT,36,4.84,174,J,1,UNK,N,GOOD,P,POOR,FAIR,NO,VAKI,NA
2010-05-22,02:16:00,UP,RBT,47,4.84,227,J,1,UNK,UNK,GOOD,P,POOR,POOR,NO,VAKI,NA
2010-11-06,12:34:00,UP,RBT,55,4.8,264,J,1,UNK,N,GOOD,VL,FAIR,POOR,OR,VAKI,NA
2011-01-05,16:42:00,UP,RBT,85,4.8,408,A,1,UNK,N,GOOD,P,FAIR,POOR,NO,VAKI,NA
2011-01-26,01:49:00,UP,RBT,45,4.8,216,J,1,UNK,UNK,GOOD,VL,POOR,POOR,OR,VAKI,NA
2011-02-09,01:29:00,UP,RBT,100,4.8,480,A,1,UNK,N,GOOD,P,FAIR,FAIR,NO,VAKI,NA
2011-03-01,18:00:00,UP,RBT,47,4.8,226,J,1,UNK,N,GOOD,P,POOR,FAIR,NO,VAKI,NA
2011-03-14,10:46:00,UP,RBT,73,4.8,350,J,1,UNK,N,GOOD,P,FAIR,FAIR,NO,VAKI,NA
2011-11-09,21:49:00,UP,RBT,102,4.8,490,A,1,UNK,UNK,GOOD,P,FAIR,FAIR,SS,VAKI,NA
2011-11-13,00:05:00,UP,RBT,102,4.8,490,A,1,UNK,UNK,GOOD,P,FAIR,FAIR,OR,VAKI,NA
2011-11-14,23:59:00,UP,RBT,105,4.8,504,A,1,UNK,N,GOOD,P,FAIR,FAIR,NO,VAKI,NA
2011-11-17,20:25:00,UP,RBT,132,4.8,634,A,1,F,Y,GOOD,P,FAIR,FAIR,NO,VAKI,NA
2011-11-21,18:35:00,UP,RBT,77,4.8,370,J,1,UNK,Y,GOOD,L,FAIR,POOR,OR,VAKI,NA
2011-11-25,17:53:00,UP,RBT,82,4.8,394,J,1,UNK,N,GOOD,P,FAIR,FAIR,NO,VAKI,NA
2011-11-25,19:33:00,UP,RBT,80,4.8,384,J,1,UNK,UNK,GOOD,P,POOR,FAIR,NO,VAKI,NA
2011-11-26,03:01:00,UP,RBT,105,4.8,504,A,1,M,N,GOOD,P,FAIR,FAIR,NO,VAKI,NA
2011-11-28,06:50:00,UP,RBT,65,4.8,312,J,1,UNK,Y,GOOD,P,FAIR,FAIR,NO,VAKI,NA
2011-12-13,23:27:00,UP,RBT,107,4.8,514,A,1,UNK,UNK,GOOD,P,FAIR,FAIR,NO,VAKI,NA
2011-12-14,17:07:00,UP,RBT,105,4.8,504,A,1,F,N,GOOD,P,FAIR,FAIR,NO,VAKI,NA
2011-12-16,21:04:00,UP,RBT,55,4.8,264,J,1,UNK,N,GOOD,P,FAIR,FAIR,OR,VAKI,NA
2011-12-18,21:11:00,UP,RBT,80,4.8,384,J,1,UNK,Y,GOOD,P,FAIR,FAIR,OR,VAKI,NA
2011-12-22,01:48:00,UP,RBT,75,4.8,360,J,1,M,Y,GOOD,P,FAIR,FAIR,NO,VAKI,NA
2011-12-22,18:58:00,UP,RBT,97,4.8,466,A,1,M,UNK,GOOD,P,FAIR,FAIR,NO,VAKI,NA
2011-12-22,18:58:00,DOWN,RBT,80,4.8,384,J,-1,UNK,UNK,GOOD,P,POOR,NONE,NO,VAKI,NA
2011-12-22,19:58:00,UP,RBT,60,4.8,288,J,1,UNK,Y,GOOD,P,FAIR,FAIR,NO,VAKI,NA
2011-12-22,23:36:00,UP,RBT,88,4.8,422,A,1,UNK,Y,GOOD,P,FAIR,FAIR,NO,VAKI,NA
2011-12-23,10:53:00,UP,RBT,52,4.8,250,J,1,UNK,Y,GOOD,P,POOR,FAIR,NO,VAKI,NA
2011-12-23,20:38:00,UP,RBT,82,4.8,394,J,1,UNK,Y,GOOD,P,FAIR,FAIR,NO,VAKI,NA
2011-12-23,20:38:00,DOWN,RBT,72,4.8,346,J,-1,UNK,Y,GOOD,P,POOR,NONE,NO,VAKI,NA
2011-12-23,20:50:00,UP,RBT,82,4.8,394,J,1,UNK,Y,GOOD,P,FAIR,FAIR,NO,VAKI,NA
2011-12-24,21:13:00,UP,RBT,45,4.8,216,J,1,UNK,Y,GOOD,L,FAIR,POOR,NO,VAKI,NA
2011-12-29,19:21:00,UP,RBT,65,4.8,312,J,1,UNK,Y,GOOD,L,FAIR,FAIR,NO,VAKI,NA
2011-12-30,01:41:00,UP,RBT,90,4.8,432,A,1,UNK,Y,GOOD,P,FAIR,NONE,NO,VAKI,NA
2011-12-30,21:50:00,UP,RBT,115,4.8,552,A,1,UNK,Y,GOOD,VL,GOOD,POOR,OR,VAKI,NA
2011-12-30,21:50:00,DOWN,RBT,105,4.8,504,A,-1,UNK,Y,GOOD,VL,POOR,NONE,NO,VAKI,NA
2011-12-31,02:18:00,UP,RBT,102,4.8,490,A,1,UNK,Y,GOOD,P,FAIR,FAIR,OR,VAKI,NA
2012-01-03,01:41:00,UP,RBT,92,4.8,442,A,1,M,N,GOOD,P,FAIR,FAIR,NO,VAKI,NA
2012-01-03,01:42:00,DOWN,RBT,98,4.8,470,A,-1,M,N,GOOD,L,POOR,NONE,NO,VAKI,NA
2012-01-03,16:06:00,UP,RBT,90,4.8,432,A,1,M,N,GOOD,P,FAIR,FAIR,NO,VAKI,NA
2012-01-03,19:05:00,UP,RBT,97,4.8,466,A,1,UNK,Y,GOOD,P,FAIR,POOR,NO,VAKI,NA
2012-01-03,19:05:00,DOWN,RBT,100,4.8,480,A,-1,UNK,Y,GOOD,VL,FAIR,NONE,NO,VAKI,NA
2012-01-05,05:38:00,UP,RBT,100,4.8,480,A,1,UNK,Y,GOOD,P,FAIR,FAIR,SS,VAKI,NA
2012-01-06,08:58:00,UP,RBT,45,4.8,216,J,1,UNK,N,GOOD,P,POOR,FAIR,NO,VAKI,NA
2012-01-10,07:23:00,UP,RBT,91,4.8,437,A,1,UNK,Y,GOOD,P,POOR,FAIR,NO,VAKI,NA
2012-01-12,21:30:00,UP,RBT,83,4.8,398,J,1,UNK,Y,GOOD,P,POOR,FAIR,NO,VAKI,NA
2012-01-12,22:11:00,UP,RBT,105,4.8,504,A,1,UNK,Y,GOOD,P,FAIR,POOR,SS,VAKI,NA
2012-01-12,22:11:00,DOWN,RBT,89,4.8,427,A,-1,UNK,Y,GOOD,L,POOR,NONE,NO,VAKI,NA
2012-01-13,00:13:00,UP,RBT,85,4.8,408,A,1,UNK,UNK,GOOD,L,FAIR,FAIR,NO,VAKI,NA
2012-01-13,19:00:00,UP,RBT,99,4.8,475,A,1,M,UNK,GOOD,L,POOR,POOR,NO,VAKI,NA
2012-01-13,22:03:00,UP,RBT,82,4.8,394,J,1,M,UNK,GOOD,L,FAIR,POOR,NO,VAKI,NA
2012-01-15,19:17:00,UP,RBT,100,4.8,480,A,1,UNK,Y,GOOD,P,FAIR,FAIR,NO,VAKI,NA
2012-01-15,22:14:00,UP,RBT,75,4.8,360,J,1,UNK,Y,GOOD,P,POOR,POOR,NO,VAKI,NA
2012-01-16,04:41:00,UP,RBT,92,4.8,442,A,1,UNK,Y,GOOD,P,FAIR,POOR,NO,VAKI,NA
2012-01-16,20:46:00,UP,RBT,65,4.8,312,J,1,UNK,Y,GOOD,P,POOR,POOR,NO,VAKI,NA
2012-01-16,20:46:00,DOWN,RBT,53,4.8,254,J,-1,UNK,Y,GOOD,L,POOR,NONE,NO,VAKI,NA
2012-01-16,20:53:00,UP,RBT,65,4.8,312,J,1,UNK,UNK,GOOD,VL,POOR,POOR,OR,VAKI,NA
2012-01-17,23:01:00,UP,RBT,77,4.8,370,J,1,UNK,Y,GOOD,P,FAIR,POOR,NO,VAKI,NA
2012-01-18,19:56:00,UP,RBT,65,4.8,312,J,1,UNK,UNK,GOOD,L,FAIR,POOR,NO,VAKI,NA
2012-01-18,19:56:00,DOWN,RBT,70,4.8,336,J,-1,UNK,UNK,GOOD,L,POOR,NONE,NO,VAKI,NA
2012-01-19,23:36:00,UP,RBT,80,4.8,384,J,1,UNK,UNK,GOOD,L,POOR,POOR,NO,VAKI,NA
2012-01-19,23:37:00,UP,RBT,77,4.8,370,J,1,UNK,UNK,GOOD,L,POOR,POOR,NO,VAKI,NA
2012-01-21,19:57:00,UP,RBT,105,4.8,504,A,1,UNK,Y,GOOD,P,POOR,FAIR,NO,VAKI,NA
2012-01-22,05:10:00,UP,RBT,85,4.8,408,A,1,UNK,Y,GOOD,P,POOR,POOR,EM,VAKI,NA
2012-01-22,10:47:00,UP,RBT,87,4.8,418,A,1,UNK,Y,GOOD,P,FAIR,FAIR,NO,VAKI,NA
2012-01-22,17:58:00,UP,RBT,77,4.8,370,J,1,UNK,Y,GOOD,L,FAIR,POOR,NO,VAKI,NA
2012-01-22,17:58:00,UP,RBT,80,4.8,384,J,1,UNK,Y,GOOD,P,FAIR,POOR,NO,VAKI,NA
2012-01-22,18:05:00,UP,RBT,85,4.8,408,A,1,UNK,Y,GOOD,P,FAIR,POOR,NO,VAKI,NA
2012-01-22,21:49:00,UP,RBT,80,4.8,384,J,1,UNK,Y,GOOD,P,FAIR,POOR,NO,VAKI,NA
2012-01-22,21:49:00,DOWN,RBT,75,4.8,360,J,-1,UNK,Y,GOOD,VL,POOR,NONE,NO,VAKI,NA
2012-01-27,15:11:00,UP,RBT,90,4.8,432,A,1,UNK,Y,GOOD,P,FAIR,FAIR,NO,VAKI,NA
2012-01-28,00:11:00,UP,RBT,105,4.8,504,A,1,UNK,N,GOOD,P,FAIR,FAIR,NO,VAKI,NA
2012-01-30,00:37:00,UP,RBT,80,4.8,384,J,1,UNK,Y,GOOD,P,FAIR,FAIR,NO,VAKI,NA
2012-02-01,20:38:00,UP,RBT,75,4.8,360,J,1,UNK,Y,GOOD,P,FAIR,POOR,TB,VAKI,NA
2012-02-01,20:38:00,DOWN,RBT,60,4.8,288,J,-1,UNK,Y,GOOD,L,POOR,NONE,NO,VAKI,NA
2012-02-02,21:23:00,UP,RBT,60,4.8,288,J,1,UNK,Y,GOOD,P,FAIR,POOR,NO,VAKI,NA
2012-02-02,21:23:00,DOWN,RBT,62,4.8,298,J,-1,UNK,Y,GOOD,L,FAIR,NONE,NO,VAKI,NA
2012-02-03,15:21:00,UP,RBT,105,4.8,504,A,1,F,N,GOOD,P,FAIR,FAIR,NO,VAKI,NA
2012-02-03,15:56:00,UP,RBT,70,4.8,336,J,1,UNK,Y,GOOD,P,FAIR,FAIR,NO,VAKI,NA
2012-02-04,23:12:00,UP,RBT,82,4.8,394,J,1,UNK,Y,GOOD,P,FAIR,FAIR,NO,VAKI,NA
2012-02-06,00:17:00,UP,RBT,80,4.8,384,J,1,UNK,UNK,GOOD,P,FAIR,FAIR,OR,VAKI,NA
2012-02-08,01:57:00,UP,RBT,80,4.8,384,J,1,UNK,Y,GOOD,VL,FAIR,FAIR,OR,VAKI,NA
2012-02-10,02:53:00,UP,RBT,80,4.8,384,J,1,UNK,N,GOOD,P,FAIR,FAIR,NO,VAKI,NA
2012-02-10,02:53:00,DOWN,RBT,65,4.8,312,J,-1,UNK,N,GOOD,P,FAIR,NONE,NO,VAKI,NA
2012-02-10,03:13:00,UP,RBT,82,4.8,394,J,1,F,N,GOOD,P,FAIR,FAIR,NO,VAKI,NA
2012-02-14,18:02:00,UP,RBT,75,4.8,360,J,1,UNK,Y,GOOD,P,FAIR,FAIR,NO,VAKI,NA
2012-02-17,06:29:00,UP,RBT,100,4.8,480,A,1,M,N,GOOD,P,FAIR,FAIR,NO,VAKI,NA
2012-02-17,06:29:00,DOWN,RBT,82,4.8,394,J,-1,M,N,GOOD,P,FAIR,NONE,NO,VAKI,NA
2012-02-18,12:33:00,UP,RBT,62,4.8,298,J,1,UNK,Y,GOOD,P,FAIR,FAIR,NO,VAKI,NA
2012-02-19,11:15:00,UP,RBT,57,4.8,274,J,1,UNK,Y,GOOD,P,FAIR,FAIR,NO,VAKI,NA
2012-02-19,18:13:00,UP,RBT,62,4.8,298,J,1,UNK,Y,GOOD,P,FAIR,FAIR,NO,VAKI,NA
2012-02-21,16:43:00,UP,RBT,72,4.8,346,J,1,F,Y,GOOD,P,FAIR,FAIR,NO,VAKI,NA
2012-02-22,10:09:00,UP,RBT,47,4.8,226,J,1,F,N,GOOD,P,POOR,FAIR,NO,VAKI,NA
2012-02-23,09:18:00,UP,RBT,62,4.8,298,J,1,UNK,Y,GOOD,P,FAIR,FAIR,NO,VAKI,NA
2012-02-23,18:00:00,UP,RBT,65,4.8,312,J,1,UNK,Y,GOOD,P,FAIR,FAIR,NO,VAKI,NA
2012-02-23,18:19:00,UP,RBT,65,4.8,312,J,1,UNK,Y,GOOD,P,FAIR,FAIR,NO,VAKI,NA
2012-02-24,07:23:00,UP,RBT,62,4.8,298,J,1,UNK,Y,GOOD,P,FAIR,FAIR,NO,VAKI,NA
2012-02-24,09:04:00,UP,RBT,65,4.8,312,J,1,UNK,Y,GOOD,P,FAIR,FAIR,NO,VAKI,NA
2012-02-24,11:32:00,UP,RBT,70,4.8,336,J,1,UNK,Y,GOOD,P,FAIR,FAIR,NO,VAKI,NA
2012-02-24,11:32:00,DOWN,RBT,62,4.8,298,J,-1,UNK,Y,GOOD,VL,FAIR,NONE,NO,VAKI,NA
2012-02-24,12:06:00,UP,RBT,75,4.8,360,J,1,UNK,Y,GOOD,P,FAIR,FAIR,NO,VAKI,NA
2012-02-25,00:16:00,UP,RBT,62,4.8,298,J,1,UNK,Y,GOOD,P,FAIR,FAIR,NO,VAKI,NA
2012-02-25,02:36:00,UP,RBT,65,4.8,312,J,1,UNK,N,GOOD,P,FAIR,FAIR,NO,VAKI,NA
2012-02-25,07:06:00,UP,RBT,65,4.8,312,J,1,UNK,Y,GOOD,P,FAIR,FAIR,NO,VAKI,NA
2012-02-26,11:32:00,UP,RBT,65,4.8,312,J,1,UNK,Y,GOOD,P,FAIR,FAIR,NO,VAKI,NA
2012-02-26,16:20:00,UP,RBT,60,4.8,288,J,1,UNK,Y,GOOD,P,FAIR,FAIR,NO,VAKI,NA
2012-02-28,10:34:00,UP,RBT,65,4.8,312,J,1,M,Y,GOOD,P,FAIR,FAIR,NO,VAKI,NA
2012-02-28,15:21:00,UP,RBT,62,4.8,298,J,1,UNK,Y,GOOD,P,FAIR,FAIR,NO,VAKI,NA
2012-02-28,18:09:00,UP,RBT,65,4.8,312,J,1,UNK,Y,GOOD,P,FAIR,FAIR,NO,VAKI,NA
2012-03-01,00:20:00,UP,RBT,63,4.8,302,J,1,UNK,Y,GOOD,P,POOR,FAIR,NO,VAKI,NA
2012-03-01,11:11:00,UP,RBT,95,4.8,456,A,1,F,N,GOOD,P,GOOD,FAIR,NO,VAKI,NA
2012-03-02,17:26:00,UP,RBT,75,4.8,360,J,1,M,Y,GOOD,P,FAIR,FAIR,NO,VAKI,NA
2012-03-09,17:11:00,UP,RBT,60,4.8,288,J,1,UNK,Y,GOOD,P,POOR,FAIR,NO,VAKI,NA
2012-03-10,06:09:00,UP,RBT,80,4.8,384,J,1,UNK,N,GOOD,P,POOR,FAIR,NO,VAKI,NA
2012-03-17,12:07:00,UP,RBT,67,4.8,322,J,1,UNK,Y,GOOD,P,POOR,FAIR,NO,VAKI,NA
2012-03-21,19:58:00,UP,RBT,50,4.8,240,J,1,UNK,Y,GOOD,P,POOR,FAIR,NO,VAKI,NA
2012-03-23,23:37:00,UP,RBT,110,4.8,528,A,1,UNK,N,GOOD,P,POOR,FAIR,NO,VAKI,NA
2012-03-26,20:59:00,UP,RBT,58,4.8,278,J,1,UNK,N,GOOD,P,POOR,FAIR,NO,VAKI,NA
2012-03-30,23:52:00,UP,RBT,80,4.8,384,J,1,UNK,N,GOOD,P,FAIR,FAIR,NO,VAKI,NA
2012-04-02,13:05:00,UP,RBT,52,4.8,250,J,1,UNK,UNK,GOOD,L,POOR,FAIR,NO,VAKI,NA
2012-04-02,13:05:00,UP,RBT,50,4.8,240,J,1,UNK,N,GOOD,P,POOR,FAIR,NO,VAKI,NA
2012-10-15,16:52:00,UP,RBT,45,4.8,216,J,1,UNK,N,GOOD,P,FAIR,POOR,TB,VAKI,NA
2012-10-18,08:39:00,UP,RBT,70,4.8,336,J,1,UNK,Y,GOOD,P,FAIR,POOR,TB,VAKI,NA
2012-10-19,17:51:00,UP,RBT,87,4.8,418,A,1,UNK,UNK,GOOD,P,FAIR,FAIR,NO,VAKI,NA
2012-10-25,11:38:00,UP,RBT,50,4.8,240,J,1,UNK,UNK,GOOD,P,FAIR,FAIR,NO,VAKI,NA
2012-10-27,08:00:00,UP,RBT,52,4.8,250,J,1,UNK,N,GOOD,P,FAIR,FAIR,NO,VAKI,NA
2012-10-28,06:06:00,UP,RBT,60,4.8,288,J,1,UNK,N,GOOD,P,FAIR,FAIR,NO,VAKI,NA
2012-10-28,06:07:00,DOWN,RBT,52,4.8,250,J,-1,UNK,N,GOOD,L,POOR,NONE,N/A,VAKI,NA
2012-10-28,12:18:00,UP,RBT,60,4.8,288,J,1,UNK,N,GOOD,P,FAIR,FAIR,NO,VAKI,NA
2012-10-30,05:19:00,UP,RBT,70,4.8,336,J,1,UNK,N,GOOD,L,FAIR,FAIR,OR,VAKI,NA
2012-11-01,10:37:00,UP,RBT,65,4.8,312,J,1,UNK,N,GOOD,P,FAIR,FAIR,NO,VAKI,NA
2012-11-04,03:59:00,UP,RBT,80,4.8,384,J,1,UNK,Y,GOOD,P,FAIR,FAIR,NO,VAKI,NA
2012-11-04,11:29:00,UP,RBT,40,4.8,192,J,1,UNK,N,GOOD,P,POOR,FAIR,NO,VAKI,NA
2012-11-10,14:52:00,UP,RBT,55,4.8,264,J,1,UNK,N,GOOD,P,FAIR,FAIR,NO,VAKI,NA
2012-11-14,11:57:00,UP,RBT,42,4.8,202,J,1,UNK,N,GOOD,P,FAIR,FAIR,NO,VAKI,NA
2012-11-24,18:24:00,UP,RBT,45,4.8,216,J,1,UNK,Y,GOOD,L,POOR,FAIR,NO,VAKI,NA
2012-11-26,05:48:00,UP,RBT,62,4.8,298,J,1,UNK,N,GOOD,P,POOR,FAIR,NO,VAKI,NA
2012-11-26,09:38:00,UP,RBT,65,4.8,312,J,1,UNK,N,GOOD,P,FAIR,FAIR,NO,VAKI,NA
2012-12-04,14:26:00,UP,RBT,62,4.8,298,J,1,UNK,N,GOOD,P,FAIR,POOR,TB,VAKI,NA
2012-12-05,03:54:00,UP,RBT,82,4.8,394,J,1,M,Y,GOOD,L,FAIR,FAIR,NO,VAKI,NA
2012-12-05,11:41:00,UP,RBT,40,4.8,192,J,1,UNK,N,GOOD,P,POOR,FAIR,NO,VAKI,NA
2012-12-08,03:41:00,UP,RBT,107,4.8,514,A,1,UNK,Y,GOOD,P,POOR,FAIR,NO,VAKI,NA
2012-12-10,09:58:00,UP,RBT,45,4.8,216,J,1,UNK,N,GOOD,P,POOR,FAIR,NO,VAKI,NA
2012-12-11,06:46:00,UP,RBT,42,4.8,202,J,1,UNK,N,GOOD,P,FAIR,FAIR,NO,VAKI,NA
2012-12-12,07:03:00,UP,RBT,45,4.8,216,J,1,UNK,N,GOOD,P,FAIR,FAIR,NO,VAKI,NA
2012-12-13,00:14:00,UP,RBT,97,4.8,466,A,1,F,N,GOOD,P,FAIR,FAIR,NO,VAKI,NA
2012-12-13,07:08:00,UP,RBT,47,4.8,226,J,1,UNK,N,GOOD,P,POOR,FAIR,NO,VAKI,NA
2012-12-13,07:52:00,UP,RBT,40,4.8,192,J,1,UNK,N,GOOD,P,POOR,FAIR,NO,VAKI,NA
2012-12-13,22:25:00,UP,RBT,95,4.8,456,A,1,F,Y,GOOD,P,POOR,FAIR,NO,VAKI,NA
2012-12-13,22:26:00,DOWN,RBT,105,4.8,504,A,-1,F,Y,GOOD,P,POOR,NONE,N/A,VAKI,NA
2012-12-14,18:11:00,UP,RBT,107,4.8,514,A,1,F,Y,GOOD,P,FAIR,FAIR,NO,VAKI,NA
2012-12-14,18:11:00,DOWN,RBT,93,4.8,446,A,-1,F,Y,GOOD,P,POOR,NONE,N/A,VAKI,NA
2012-12-14,18:22:00,UP,RBT,102,4.8,490,A,1,F,Y,GOOD,P,FAIR,FAIR,NO,VAKI,NA
2012-12-15,06:45:00,UP,RBT,42,4.8,202,J,1,UNK,N,GOOD,P,FAIR,FAIR,NO,VAKI,NA
2012-12-16,06:44:00,UP,RBT,42,4.8,202,J,1,UNK,N,GOOD,P,FAIR,FAIR,NO,VAKI,NA
2012-12-16,12:14:00,UP,RBT,45,4.8,216,J,1,UNK,N,GOOD,P,POOR,FAIR,NO,VAKI,NA
2012-12-18,22:02:00,UP,RBT,100,4.8,480,A,1,F,Y,GOOD,P,FAIR,FAIR,NO,VAKI,NA
2012-12-20,07:46:00,UP,RBT,42,4.8,202,J,1,UNK,N,GOOD,P,POOR,POOR,SS,VAKI,NA
2012-12-20,10:54:00,UP,RBT,40,4.8,192,J,1,UNK,UNK,GOOD,P,POOR,FAIR,NO,VAKI,NA
2012-12-20,14:34:00,UP,RBT,42,4.8,202,J,1,UNK,UNK,GOOD,L,POOR,POOR,OR,VAKI,NA
2012-12-20,14:34:00,UP,RBT,42,4.8,202,J,1,UNK,N,GOOD,P,FAIR,FAIR,NO,VAKI,NA
2012-12-21,06:30:00,UP,RBT,42,4.8,202,J,1,UNK,N,GOOD,P,POOR,POOR,OR,VAKI,NA
2013-01-01,01:38:00,UP,RBT,77,4.8,370,J,1,UNK,UNK,GOOD,L,POOR,POOR,TB,VAKI,NA
2013-01-03,13:41:00,UP,RBT,40,4.8,192,J,1,UNK,UNK,GOOD,VL,POOR,POOR,TB,VAKI,NA
2013-01-13,08:33:00,UP,RBT,42,4.8,202,J,1,UNK,N,GOOD,P,POOR,FAIR,TB,VAKI,NA
2013-01-13,16:24:00,UP,RBT,55,4.8,264,J,1,UNK,N,GOOD,P,FAIR,FAIR,TB,VAKI,NA
2013-01-15,08:13:00,UP,RBT,42,4.8,202,J,1,UNK,N,GOOD,P,FAIR,FAIR,TB,VAKI,NA
2013-01-16,08:03:00,UP,RBT,42,4.8,202,J,1,UNK,N,GOOD,P,POOR,FAIR,TB,VAKI,NA
2013-01-17,07:14:00,UP,RBT,47,4.8,226,J,1,UNK,N,GOOD,P,POOR,FAIR,TB,VAKI,NA
2013-01-17,12:16:00,UP,RBT,45,4.8,216,J,1,UNK,N,GOOD,P,POOR,FAIR,TB,VAKI,NA
2013-01-19,07:53:00,UP,RBT,42,4.8,202,J,1,UNK,N,GOOD,P,POOR,POOR,OR/TB,VAKI,NA
2013-01-19,07:53:00,UP,RBT,45,4.8,216,J,1,UNK,N,GOOD,P,POOR,FAIR,MP/TB,VAKI,NA
2013-01-21,12:05:00,UP,RBT,40,4.8,192,J,1,UNK,N,GOOD,P,POOR,FAIR,TB,VAKI,NA
2013-01-22,07:00:00,UP,RBT,45,4.8,216,J,1,UNK,N,GOOD,P,POOR,FAIR,NO,VAKI,NA
2013-01-22,08:52:00,UP,RBT,45,4.8,216,J,1,UNK,N,GOOD,P,POOR,FAIR,NO,VAKI,NA
2013-01-23,08:02:00,UP,RBT,42,4.8,202,J,1,UNK,N,GOOD,P,FAIR,FAIR,NO,VAKI,NA
2013-01-24,11:29:00,UP,RBT,42,4.8,202,J,1,UNK,N,GOOD,P,POOR,FAIR,NO,VAKI,NA
2013-01-24,22:00:00,UP,RBT,77,4.8,370,J,1,UNK,N,GOOD,P,POOR,FAIR,OR,VAKI,NA
2013-01-28,09:38:00,UP,RBT,47,4.8,226,J,1,UNK,UNK,GOOD,P,POOR,FAIR,NO,VAKI,NA
2013-01-29,07:34:00,UP,RBT,42,4.8,202,J,1,UNK,N,GOOD,P,POOR,FAIR,NO,VAKI,NA
2013-01-30,07:17:00,UP,RBT,42,4.8,202,J,1,UNK,N,GOOD,P,FAIR,FAIR,NO,VAKI,NA
2013-01-30,07:54:00,UP,RBT,47,4.8,226,J,1,UNK,N,GOOD,P,FAIR,FAIR,NO,VAKI,NA
2013-02-03,00:27:00,UP,RBT,112,4.8,538,A,1,F,N,GOOD,P,FAIR,FAIR,NO,VAKI,NA
2013-02-03,08:57:00,UP,RBT,117,4.8,562,A,1,F,Y,GOOD,P,FAIR,FAIR,NO,VAKI,NA
2013-02-04,06:43:00,UP,RBT,80,4.8,384,J,1,F,Y,GOOD,VL,POOR,FAIR,NO,VAKI,NA
2013-02-05,08:22:00,UP,RBT,40,4.8,192,J,1,UNK,N,GOOD,P,POOR,FAIR,NO,VAKI,NA
2013-02-10,14:00:00,UP,RBT,72,4.8,346,J,1,UNK,N,GOOD,P,FAIR,POOR,TB,VAKI,NA
2013-02-13,15:43:00,UP,RBT,67,4.8,322,J,1,UNK,N,GOOD,P,FAIR,FAIR,TB,VAKI,NA
2013-02-15,14:00:00,UP,RBT,80,4.8,384,J,1,UNK,Y,GOOD,VL,FAIR,POOR,TB,VAKI,NA
2013-02-16,08:42:00,UP,RBT,77,4.8,370,J,1,UNK,N,GOOD,VL,FAIR,POOR,TB,VAKI,NA
2013-02-25,13:11:00,UP,RBT,50,4.8,240,J,1,UNK,N,GOOD,P,POOR,FAIR,NO,VAKI,NA
2013-02-28,07:02:00,UP,RBT,47,4.8,226,J,1,UNK,N,GOOD,P,FAIR,FAIR,NO,VAKI,NA
2013-03-01,06:52:00,UP,RBT,50,4.8,240,J,1,UNK,UNK,GOOD,P,POOR,POOR,NO,VAKI,NA
2013-03-01,11:11:00,UP,RBT,57,4.8,274,J,1,UNK,UNK,GOOD,P,POOR,POOR,NO,VAKI,NA
2013-03-01,12:59:00,UP,RBT,50,4.8,240,J,1,UNK,N,GOOD,P,POOR,FAIR,NO,VAKI,NA
2013-03-01,17:40:00,UP,RBT,55,4.8,264,J,1,UNK,UNK,GOOD,P,POOR,POOR,NO,VAKI,NA
2013-03-02,06:39:00,UP,RBT,55,4.8,264,J,1,UNK,UNK,GOOD,P,POOR,POOR,NO,VAKI,NA
2013-03-03,06:27:00,UP,RBT,50,4.8,240,J,1,UNK,N,GOOD,P,POOR,FAIR,NO,VAKI,NA
2013-03-03,15:38:00,UP,RBT,65,4.8,312,J,1,UNK,N,GOOD,P,FAIR,FAIR,NO,VAKI,NA
2013-03-04,06:32:00,UP,RBT,52,4.8,250,J,1,UNK,N,GOOD,P,FAIR,FAIR,NO,VAKI,NA
2013-03-04,14:42:00,UP,RBT,50,4.8,240,J,1,UNK,UNK,GOOD,P,FAIR,POOR,NO,VAKI,NA
2013-03-05,06:39:00,UP,RBT,55,4.8,264,J,1,UNK,N,GOOD,P,POOR,FAIR,NO,VAKI,NA
2013-03-05,15:16:00,UP,RBT,45,4.8,216,J,1,UNK,N,GOOD,P,POOR,FAIR,NO,VAKI,NA
2013-03-06,06:34:00,UP,RBT,55,4.8,264,J,1,UNK,N,GOOD,P,FAIR,FAIR,NO,VAKI,NA
2013-03-06,14:01:00,UP,RBT,50,4.8,240,J,1,UNK,N,GOOD,P,FAIR,FAIR,NO,VAKI,NA
2013-03-06,15:54:00,UP,RBT,55,4.8,264,J,1,UNK,UNK,GOOD,P,FAIR,FAIR,NO,VAKI,NA
2013-03-07,08:44:00,UP,RBT,52,4.8,250,J,1,UNK,UNK,GOOD,P,POOR,POOR,NO,VAKI,NA
2013-03-07,13:14:00,UP,RBT,65,4.8,312,J,1,M,N,GOOD,P,FAIR,FAIR,NO,VAKI,NA
2013-03-07,15:56:00,UP,RBT,133,4.8,638,A,1,F,N,GOOD,P,GOOD,FAIR,NO,VAKI,NA
2013-03-08,07:13:00,UP,RBT,52,4.8,250,J,1,UNK,N,GOOD,P,POOR,FAIR,NO,VAKI,NA
2013-03-11,09:42:00,UP,RBT,77,4.8,370,J,1,UNK,UNK,GOOD,P,FAIR,POOR,OR,VAKI,NA
2013-03-14,12:01:00,UP,RBT,60,4.8,288,J,1,F,N,GOOD,P,POOR,FAIR,NO,VAKI,NA
2013-03-24,00:02:00,UP,RBT,65,4.8,312,J,1,UNK,N,GOOD,P,FAIR,FAIR,NO,VAKI,NA
2013-03-24,18:26:00,UP,RBT,50,4.8,240,J,1,UNK,N,GOOD,P,POOR,FAIR,NO,VAKI,NA
2013-03-26,15:36:00,UP,RBT,40,4.8,192,J,1,UNK,N,GOOD,P,POOR,FAIR,NO,VAKI,NA
2013-03-26,15:45:00,UP,RBT,42,4.8,202,J,1,UNK,N,GOOD,P,FAIR,FAIR,NO,VAKI,NA
2013-03-26,15:45:00,UP,RBT,42,4.8,202,J,1,UNK,N,GOOD,P,NONE,FAIR,MP,VAKI,NA
2013-04-04,13:42:00,UP,RBT,47,4.8,226,J,1,UNK,N,GOOD,P,POOR,FAIR,NO,VAKI,NA
2013-04-08,11:39:00,UP,RBT,40,4.8,192,J,1,UNK,N,GOOD,P,POOR,FAIR,NO,VAKI,NA
2013-04-13,15:54:00,UP,RBT,70,4.8,336,J,1,M,N,GOOD,P,FAIR,FAIR,NO,VAKI,NA
2013-05-24,14:17:00,UP,RBT,50,4.8,240,J,1,UNK,N,GOOD,P,POOR,FAIR,NO,VAKI,NA
2013-05-30,14:18:00,UP,RBT,45,4.8,216,J,1,UNK,UNK,GOOD,P,POOR,POOR,NO,VAKI,NA
2013-06-01,02:38:00,UP,RBT,75,4.8,360,J,1,UNK,N,GOOD,P,FAIR,FAIR,NO,VAKI,NA
2013-06-03,19:06:00,UP,RBT,50,4.8,240,J,1,UNK,Y,GOOD,P,POOR,FAIR,NO,VAKI,NA
2013-06-03,20:56:00,UP,RBT,80,4.8,384,J,1,UNK,Y,GOOD,P,POOR,FAIR,NO,VAKI,NA
2013-06-05,07:48:00,UP,RBT,50,4.8,240,J,1,UNK,N,GOOD,P,POOR,FAIR,NO,VAKI,NA
2013-06-07,06:51:00,UP,RBT,45,4.8,216,J,1,UNK,UNK,GOOD,L,POOR,POOR,NO,VAKI,NA
2013-06-18,11:25:00,UP,RBT,47,4.8,226,J,1,UNK,UNK,GOOD,P,POOR,FAIR,NO,VAKI,NA
2013-09-28,07:06:00,UP,RBT,47,4.8,226,J,1,UNK,UNK,GOOD,P,FAIR,FAIR,OR,VAKI,NA
2013-10-08,17:35:00,UP,RBT,90,4.8,432,A,1,UNK,N,GOOD,P,FAIR,FAIR,NO,VAKI,NA
2013-10-17,02:58:00,UP,RBT,87,4.8,418,A,1,UNK,N,GOOD,P,FAIR,FAIR,NO,VAKI,NA
2013-10-17,18:25:00,UP,RBT,100,4.8,480,A,1,UNK,Y,GOOD,P,FAIR,FAIR,NO,VAKI,NA
2013-10-20,00:35:00,UP,RBT,93,4.8,446,A,1,UNK,Y,GOOD,P,FAIR,FAIR,NO,VAKI,NA
2013-10-20,22:17:00,UP,RBT,92,4.8,442,A,1,UNK,N,GOOD,P,FAIR,FAIR,NO,VAKI,NA
2013-10-21,01:32:00,UP,RBT,120,4.8,576,A,1,UNK,N,GOOD,P,FAIR,FAIR,NO,VAKI,NA
2013-10-22,23:25:00,UP,RBT,73,4.8,350,J,1,UNK,N,GOOD,P,POOR,FAIR,NO,VAKI,NA
2013-10-24,06:20:00,UP,RBT,102,4.8,490,A,1,UNK,N,GOOD,VL,FAIR,POOR,TB,VAKI,NA
2013-10-24,16:42:00,UP,RBT,45,4.8,216,J,1,UNK,UNK,GOOD,P,POOR,POOR,NO,VAKI,NA
2013-10-25,12:58:00,UP,RBT,82,4.8,394,J,1,UNK,N,GOOD,P,FAIR,FAIR,NO,VAKI,NA
2013-10-26,07:58:00,UP,RBT,85,4.8,408,A,1,UNK,N,GOOD,P,FAIR,FAIR,NO,VAKI,NA
2013-10-28,13:57:00,UP,RBT,87,4.8,418,A,1,UNK,N,GOOD,P,FAIR,FAIR,NO,VAKI,NA
2013-11-17,01:56:00,UP,RBT,101,4.8,485,A,1,UNK,Y,GOOD,P,FAIR,FAIR,NO,VAKI,NA
2013-11-20,21:00:00,UP,RBT,85,4.8,408,A,1,UNK,N,GOOD,P,POOR,FAIR,TB,VAKI,NA
2013-11-21,01:27:00,UP,RBT,107,4.8,514,A,1,UNK,Y,GOOD,P,POOR,FAIR,NO,VAKI,NA
2013-11-21,02:32:00,UP,RBT,117,4.8,562,A,1,UNK,Y,GOOD,P,FAIR,FAIR,NO,VAKI,NA
2013-11-21,04:03:00,UP,RBT,90,4.8,432,A,1,UNK,N,GOOD,P,FAIR,FAIR,NO,VAKI,NA
2013-11-21,06:52:00,UP,RBT,87,4.8,418,A,1,UNK,N,GOOD,P,FAIR,FAIR,NO,VAKI,NA
2013-11-22,18:09:00,UP,RBT,117,4.8,562,A,1,UNK,Y,GOOD,P,GOOD,FAIR,NO,VAKI,NA
2013-12-17,15:51:00,UP,RBT,92,4.8,442,A,1,UNK,N,GOOD,P,GOOD,FAIR,NO,VAKI,NA
2013-12-19,22:44:00,UP,RBT,81,4.8,389,J,1,UNK,N,GOOD,P,FAIR,FAIR,NO,VAKI,NA
2014-01-07,12:16:00,UP,RBT,52,4.8,250,J,1,UNK,N,GOOD,P,FAIR,FAIR,NO,VAKI,NA
2014-01-20,22:00:00,UP,RBT,92,4.8,442,A,1,UNK,N,GOOD,P,FAIR,FAIR,NO,VAKI,NA
2014-01-23,19:44:00,UP,RBT,85,4.8,408,A,1,UNK,N,GOOD,P,FAIR,FAIR,NO,VAKI,NA
2014-01-24,20:16:00,UP,RBT,112,4.8,538,A,1,UNK,Y,GOOD,P,POOR,FAIR,NO,VAKI,NA
2014-01-28,12:49:00,UP,RBT,57,4.8,274,J,1,M,N,GOOD,P,POOR,FAIR,NO,VAKI,NA
2014-01-29,15:33:00,UP,RBT,110,4.8,528,A,1,UNK,N,GOOD,P,FAIR,FAIR,SS,VAKI,NA
2014-01-30,01:57:00,UP,RBT,125,4.8,600,A,1,UNK,Y,GOOD,P,FAIR,FAIR,NO,VAKI,NA
2014-01-30,21:05:00,UP,RBT,92,4.8,442,A,1,UNK,Y,GOOD,P,POOR,FAIR,NO,VAKI,NA
2014-01-31,15:37:00,UP,RBT,85,4.8,408,A,1,UNK,N,GOOD,P,FAIR,FAIR,NO,VAKI,NA
2014-02-08,02:40:00,UP,RBT,80,4.8,384,J,1,UNK,Y,GOOD,P,POOR,FAIR,NO,VAKI,NA
2014-02-09,03:32:00,UP,RBT,75,4.8,360,J,1,UNK,N,GOOD,P,FAIR,FAIR,NO,VAKI,NA
2014-02-14,09:09:00,UP,RBT,87,4.8,418,A,1,UNK,UNK,GOOD,VL,FAIR,POOR,NO,VAKI,NA
2014-02-22,16:37:00,UP,RBT,102,4.8,490,A,1,UNK,N,GOOD,P,FAIR,FAIR,NO,VAKI,NA
2014-02-24,07:34:00,UP,RBT,40,4.8,192,J,1,UNK,N,GOOD,P,POOR,FAIR,NO,VAKI,NA
2014-03-13,22:02:00,UP,RBT,110,4.8,528,A,1,UNK,UNK,GOOD,P,POOR,POOR,NO,VAKI,NA
2014-03-15,12:49:00,UP,RBT,40,4.8,192,J,1,UNK,N,GOOD,P,POOR,FAIR,NO,VAKI,NA
2014-03-20,10:31:00,UP,RBT,90,4.8,432,A,1,UNK,N,GOOD,P,FAIR,FAIR,NO,VAKI,NA
2014-04-10,13:28:00,UP,RBT,47,4.8,226,J,1,UNK,N,GOOD,P,POOR,FAIR,NO,VAKI,NA
2014-04-10,18:35:00,UP,RBT,45,4.8,216,J,1,UNK,UNK,GOOD,P,FAIR,POOR,NO,VAKI,NA
2014-04-10,18:44:00,UP,RBT,50,4.8,240,J,1,UNK,N,GOOD,P,FAIR,POOR,NO,VAKI,NA
2014-04-10,18:45:00,UP,RBT,47,4.8,226,J,1,UNK,UNK,GOOD,P,FAIR,POOR,NO,VAKI,NA
2014-04-11,08:30:00,UP,RBT,40,4.8,192,J,1,UNK,N,GOOD,VL,POOR,POOR,NO,VAKI,NA
2014-10-18,00:58:00,UP,RBT,85,4.8,408,A,1,UNK,N,GOOD,P,FAIR,FAIR,NO,VAKI,NA
2014-12-01,18:40:00,UP,RBT,95,4.8,456,A,1,F,N,GOOD,P,FAIR,FAIR,NO,VAKI,NA
2014-12-01,18:40:00,DOWN,RBT,92,4.8,442,A,-1,F,N,GOOD,P,POOR,NONE,N/A,VAKI,NA
2014-12-01,18:49:00,UP,RBT,97,4.8,466,A,1,F,N,GOOD,P,POOR,FAIR,NO,VAKI,NA
2014-12-04,21:44:00,UP,RBT,115,4.8,552,A,1,F,N,GOOD,P,FAIR,FAIR,NO,VAKI,NA
2015-01-17,23:07:00,UP,RBT,82,4.8,394,J,1,F,Y,GOOD,P,FAIR,FAIR,NO,VAKI,NA
2015-01-17,23:07:00,DOWN,RBT,82,4.8,394,J,-1,F,Y,GOOD,P,POOR,NONE,N/A,VAKI,NA
2015-01-18,01:52:00,UP,RBT,80,4.8,384,J,1,F,Y,GOOD,P,FAIR,FAIR,NO,VAKI,NA
2015-02-03,01:28:00,UP,RBT,85,4.8,408,A,1,M,N,GOOD,P,FAIR,FAIR,NO,VAKI,NA
2015-02-08,16:21:00,UP,RBT,102,4.8,490,A,1,F,N,GOOD,P,FAIR,POOR,TB,VAKI,NA
2015-02-12,02:47:00,UP,RBT,115,4.8,552,A,1,UNK,N,GOOD,VL,FAIR,POOR,TB,VAKI,NA
2015-02-12,02:47:00,DOWN,RBT,110,4.8,528,A,-1,UNK,N,GOOD,VL,FAIR,NONE,N/A,VAKI,NA
2015-02-12,02:59:00,UP,RBT,123,4.8,590,A,1,UNK,N,GOOD,VL,FAIR,POOR,TB,VAKI,NA
2015-02-12,17:05:00,UP,RBT,82,4.8,394,J,1,UNK,Y,GOOD,VL,FAIR,POOR,TB,VAKI,NA
2015-02-21,06:18:00,UP,RBT,120,4.8,576,A,1,F,Y,GOOD,P,FAIR,FAIR,NO,VAKI,NA
2015-02-21,06:18:00,DOWN,RBT,120,4.8,576,A,-1,F,Y,GOOD,P,FAIR,NONE,N/A,VAKI,NA
2015-02-21,06:22:00,UP,RBT,120,4.8,576,A,1,F,Y,GOOD,P,FAIR,FAIR,NO,VAKI,NA
2015-11-08,21:53:00,UP,RBT,72,4.8,346,J,1,UNK,Y,GOOD,P,POOR,POOR,NO,VAKI,NA
2015-12-28,20:51:00,UP,RBT,65,4.8,312,J,1,UNK,N,GOOD,P,FAIR,FAIR,NO,VAKI,NA
2016-01-17,04:46:00,UP,RBT,75,4.8,360,J,1,UNK,UNK,GOOD,P,FAIR,FAIR,TB,VAKI,NA
2016-01-17,04:46:00,DOWN,RBT,77,4.8,370,J,-1,UNK,UNK,GOOD,P,FAIR,NONE,N/A,VAKI,NA
2016-01-18,04:46:00,UP,RBT,80,4.8,384,J,1,UNK,UNK,GOOD,VL,FAIR,POOR,OR,VAKI,NA
2016-02-05,20:13:00,UP,RBT,131,4.8,629,A,1,UNK,Y,GOOD,P,FAIR,FAIR,NO,VAKI,NA
2016-02-08,19:18:00,UP,RBT,135,4.8,648,A,1,UNK,Y,GOOD,P,FAIR,FAIR,NO,VAKI,NA
2016-10-07,01:09:00,UP,RBT,105,4.8,504,A,1,UNK,N,GOOD,P,FAIR,FAIR,NO,VAKI,NA
2016-10-07,02:38:00,UP,RBT,95,4.8,456,A,1,F,N,GOOD,P,FAIR,FAIR,NO,VAKI,NA
2016-10-13,23:10:00,UP,RBT,105,4.8,504,A,1,F,N,GOOD,P,FAIR,FAIR,NO,VAKI,NA
2016-10-18,02:03:00,UP,RBT,111,4.8,533,A,1,M,N,GOOD,P,FAIR,FAIR,NO,VAKI,NA
2016-10-18,18:26:00,UP,RBT,102,4.8,490,A,1,UNK,Y,GOOD,P,FAIR,POOR,EM,VAKI,NA
2016-10-18,21:44:00,UP,RBT,95,4.8,456,A,1,UNK,Y,GOOD,P,FAIR,GOOD,NO,VAKI,NA
2016-10-19,09:55:00,UP,RBT,82,4.8,394,J,1,UNK,Y,GOOD,P,FAIR,FAIR,NO,VAKI,NA
2016-10-19,18:31:00,UP,RBT,100,4.8,480,A,1,F,UNK,GOOD,P,FAIR,FAIR,NO,VAKI,NA
2016-10-19,19:15:00,UP,RBT,105,4.8,504,A,1,UNK,Y,GOOD,P,FAIR,FAIR,NO,VAKI,NA
2016-10-20,22:58:00,UP,RBT,90,4.8,432,A,1,UNK,N,GOOD,P,GOOD,FAIR,NO,VAKI,NA
2016-10-21,21:59:00,UP,RBT,70,4.8,336,J,1,F,N,GOOD,P,NONE,FAIR,NO,VAKI,NA
2016-10-22,11:03:00,UP,RBT,95,4.8,456,A,1,F,Y,GOOD,P,FAIR,FAIR,NO,VAKI,NA
2016-10-23,09:28:00,UP,RBT,85,4.8,408,A,1,UNK,Y,GOOD,P,FAIR,FAIR,NO,VAKI,NA
2016-10-26,09:02:00,UP,RBT,75,4.8,360,J,1,UNK,Y,GOOD,P,POOR,POOR,TB,VAKI,NA
2016-10-27,22:03:00,UP,RBT,95,4.8,456,A,1,M,Y,GOOD,P,POOR,FAIR,NO,VAKI,NA
2016-10-29,10:31:00,UP,RBT,92,4.8,442,A,1,UNK,UNK,GOOD,L,POOR,POOR,TB,VAKI,NA
2016-11-13,19:30:00,UP,RBT,82,4.8,394,J,1,UNK,UNK,GOOD,P,POOR,FAIR,NO,VAKI,NA
2016-11-22,17:18:00,UP,RBT,105,4.8,504,A,1,M,N,GOOD,P,FAIR,FAIR,NO,VAKI,NA
2016-11-22,18:31:00,UP,RBT,85,4.8,408,A,1,M,N,GOOD,P,POOR,FAIR,NO,VAKI,NA
2016-11-28,00:30:00,UP,RBT,82,4.8,394,J,1,UNK,N,GOOD,P,POOR,POOR,TB,VAKI,NA
2016-11-28,17:08:00,UP,RBT,87,4.8,418,A,1,F,Y,GOOD,P,FAIR,FAIR,NO,VAKI,NA
2016-12-07,03:17:00,UP,RBT,72,4.8,346,J,1,F,Y,GOOD,P,FAIR,GOOD,NO,VAKI,NA
2016-12-23,12:38:00,UP,RBT,75,4.8,360,J,1,F,N,GOOD,P,FAIR,FAIR,NO,VAKI,NA
2017-01-01,17:31:00,UP,RBT,105,4.8,504,A,1,M,Y,GOOD,P,FAIR,FAIR,NO,VAKI,NA
2017-01-02,00:56:00,UP,RBT,92,4.8,442,A,1,F,Y,GOOD,VL,FAIR,POOR,SS,VAKI,NA
2017-01-03,12:40:00,UP,RBT,85,4.8,408,A,1,M,Y,GOOD,P,FAIR,GOOD,NO,VAKI,NA
2017-10-13,07:30:00,UP,RBT,75,4.8,360,J,1,UNK,Y,GOOD,P,GOOD,GOOD,NO,VAKI,NA
2018-10-09,01:19:00,UP,RBT,98,4.8,470,A,1,M,N,GOOD,P,GOOD,FAIR,NO,TRAP,NA
2018-10-09,01:19:00,DOWN,RBT,95,4.8,456,A,-1,M,N,GOOD,P,FAIR,NONE,N/A,TRAP,NA
2018-10-09,01:28:00,UP,RBT,94,4.8,451,A,1,M,N,GOOD,P,GOOD,FAIR,NO,TRAP,NA
2018-10-09,01:28:00,DOWN,RBT,105,4.8,504,A,-1,M,N,GOOD,P,POOR,NONE,N/A,TRAP,NA
2018-10-17,01:55:00,UP,RBT,102,4.8,490,A,1,F,N,GOOD,P,GOOD,FAIR,NO,VAKI,NA
2018-10-19,16:25:00,UP,RBT,82,4.8,394,J,1,UNK,Y,GOOD,P,GOOD,GOOD,NO,VAKI,NA
2018-10-20,17:56:00,UP,RBT,77,4.8,370,J,1,UNK,Y,GOOD,VL,FAIR,GOOD,NO,VAKI,NA
2018-10-22,01:53:00,UP,RBT,77,4.8,370,J,1,UNK,N,GOOD,VL,FAIR,FAIR,NO,VAKI,NA
2018-10-24,16:25:00,UP,RBT,70,4.8,336,J,1,UNK,N,GOOD,P,FAIR,FAIR,NO,VAKI,NA
2018-10-24,19:14:00,UP,RBT,97,4.8,466,A,1,UNK,Y,GOOD,P,POOR,FAIR,OR,VAKI,NA
2018-10-24,19:14:00,DOWN,RBT,87,4.8,418,A,-1,UNK,Y,GOOD,P,FAIR,NONE,N/A,VAKI,NA
2018-10-24,20:07:00,UP,RBT,97,4.8,466,A,1,UNK,Y,GOOD,P,FAIR,FAIR,NO,VAKI,NA
2018-10-26,00:30:00,UP,RBT,92,4.8,442,A,1,UNK,N,GOOD,P,FAIR,FAIR,NO,VAKI,NA
2018-10-26,00:30:00,DOWN,RBT,92,4.8,442,A,-1,UNK,N,GOOD,P,NONE,NONE,N/A,VAKI,NA
2018-10-26,00:38:00,UP,RBT,87,4.8,418,A,1,UNK,N,GOOD,P,GOOD,GOOD,NO,VAKI,NA
2018-10-26,14:38:00,UP,RBT,87,4.8,418,A,1,F,N,GOOD,P,GOOD,GOOD,NO,VAKI,NA
2018-10-27,12:42:00,UP,RBT,102,4.8,490,A,1,UNK,N,GOOD,P,GOOD,GOOD,NO,VAKI,NA
2018-10-28,08:27:00,UP,RBT,90,4.8,432,A,1,M,N,GOOD,P,FAIR,FAIR,NO,VAKI,NA
2018-10-28,23:42:00,UP,RBT,97,4.8,466,A,1,UNK,N,GOOD,P,GOOD,FAIR,NO,VAKI,NA
2018-10-28,23:42:00,DOWN,RBT,112,4.8,538,A,-1,UNK,N,GOOD,P,POOR,NONE,N/A,VAKI,NA
2018-10-28,23:45:00,UP,RBT,108,4.8,518,A,1,UNK,N,GOOD,P,POOR,FAIR,NO,VAKI,NA
2018-10-29,00:09:00,UP,RBT,82,4.8,394,J,1,UNK,N,GOOD,P,GOOD,FAIR,NO,VAKI,NA
2018-10-29,00:09:00,DOWN,RBT,52,4.8,250,J,-1,UNK,N,GOOD,P,FAIR,NONE,N/A,VAKI,NA
2018-10-29,00:09:00,UP,RBT,77,4.8,370,J,1,UNK,N,GOOD,P,FAIR,FAIR,NO,VAKI,NA
2018-10-29,06:19:00,UP,RBT,102,4.8,490,A,1,M,N,GOOD,P,GOOD,GOOD,NO,VAKI,NA
2018-10-29,06:19:00,DOWN,RBT,110,4.8,528,A,-1,M,N,GOOD,P,POOR,NONE,N/A,VAKI,NA
2018-10-29,06:19:00,UP,RBT,102,4.8,490,A,1,M,N,GOOD,P,FAIR,GOOD,NO,VAKI,NA
2018-10-29,19:33:00,UP,RBT,80,4.8,384,J,1,UNK,Y,GOOD,P,FAIR,FAIR,NO,VAKI,NA
2018-10-31,07:04:00,UP,RBT,75,4.8,360,J,1,UNK,N,GOOD,P,FAIR,FAIR,NO,VAKI,NA
2018-11-03,10:21:00,UP,RBT,85,4.8,408,A,1,UNK,Y,GOOD,P,GOOD,GOOD,NO,VAKI,NA
2018-11-04,02:46:00,UP,RBT,107,4.8,514,A,1,UNK,N,GOOD,P,GOOD,GOOD,NO,VAKI,NA
2018-11-05,12:05:00,UP,RBT,62,4.8,298,J,1,UNK,UNK,GOOD,L,POOR,POOR,TB,VAKI,NA
2018-11-07,21:36:00,UP,RBT,95,4.8,456,A,1,UNK,Y,GOOD,P,FAIR,FAIR,NO,VAKI,NA
2018-11-22,20:33:00,UP,RBT,80,4.8,384,J,1,UNK,UNK,GOOD,VL,GOOD,POOR,TB,VAKI,NA
2018-11-23,03:25:00,UP,RBT,75,4.8,360,J,1,UNK,N,GOOD,VL,GOOD,FAIR,TB,VAKI,NA
2018-11-23,03:25:00,DOWN,RBT,95,4.8,456,A,-1,UNK,N,GOOD,VL,POOR,NONE,N/A,VAKI,NA
2018-11-23,06:47:00,UP,RBT,67,4.8,322,J,1,UNK,N,GOOD,P,FAIR,FAIR,TB,VAKI,NA
2018-11-24,22:47:00,UP,RBT,135,4.8,648,A,1,UNK,N,GOOD,P,FAIR,FAIR,TB,VAKI,NA
2018-12-15,00:34:00,UP,RBT,85,4.8,408,A,1,UNK,Y,GOOD,P,FAIR,GOOD,NO,VAKI,NA
2019-01-08,13:17:00,UP,RBT,138,4.8,662,A,1,M,Y,GOOD,P,GOOD,POOR,TB,VAKI,NA
2019-01-08,13:18:00,DOWN,RBT,127,4.8,610,A,-1,M,Y,GOOD,P,POOR,NONE,N/A,VAKI,NA
2019-01-08,13:25:00,UP,RBT,137,4.8,658,A,1,M,Y,GOOD,P,GOOD,POOR,TB,VAKI,NA
2019-01-14,15:14:00,UP,RBT,146,4.8,701,A,1,M,Y,GOOD,P,GOOD,FAIR,NO,VAKI,NA
2019-02-02,03:32:00,UP,RBT,85,4.8,408,A,1,UNK,UNK,GOOD,VL,FAIR,POOR,TB,VAKI,NA
2019-09-06,15:13:00,UP,RBT,55,4.8,264,J,1,UNK,N,GOOD,P,GOOD,GOOD,NO,VAKI,NA
2019-09-08,12:51:00,UP,RBT,78,4.8,374,J,1,UNK,N,GOOD,P,FAIR,GOOD,NO,VAKI,NA
2019-09-11,06:19:00,UP,RBT,60,4.8,288,J,1,UNK,UNK,GOOD,P,FAIR,FAIR,OR,VAKI,NA
2019-09-11,06:19:00,DOWN,RBT,63,4.8,302,J,-1,UNK,UNK,GOOD,P,POOR,POOR,N/A,VAKI,NA
2019-09-16,17:20:00,UP,RBT,67,4.8,322,J,1,UNK,N,GOOD,P,GOOD,GOOD,NO,VAKI,NA
2019-09-16,23:06:00,UP,RBT,85,4.8,408,A,1,UNK,Y,GOOD,P,FAIR,GOOD,NO,VAKI,NA
2019-09-16,23:06:00,DOWN,RBT,85,4.8,408,A,-1,UNK,Y,GOOD,P,FAIR,GOOD,NO,VAKI,NA
2019-09-17,21:11:00,UP,RBT,86,4.8,413,A,1,UNK,Y,GOOD,P,POOR,GOOD,NO,VAKI,NA
2019-09-17,21:11:00,DOWN,RBT,69,4.8,331,J,-1,UNK,Y,GOOD,P,POOR,N/A,N/A,VAKI,NA
2019-09-17,21:17:00,UP,RBT,90,4.8,432,A,1,UNK,Y,GOOD,P,GOOD,GOOD,NO,VAKI,NA
2019-09-26,20:23:00,UP,RBT,117,4.8,562,A,1,UNK,N,GOOD,P,GOOD,FAIR,OR,VAKI,NA
2019-10-06,07:26:00,UP,RBT,65,4.8,312,J,1,UNK,N,GOOD,P,POOR,GOOD,NO,VAKI,NA
2019-10-06,07:26:00,DOWN,RBT,60,4.8,288,J,-1,UNK,N,GOOD,P,POOR,N/A,N/A,VAKI,NA
2019-10-06,13:15:00,UP,RBT,70,4.8,336,J,1,UNK,N,GOOD,P,FAIR,GOOD,NO,VAKI,NA
2019-10-06,13:15:00,DOWN,RBT,62,4.8,298,J,-1,UNK,N,GOOD,P,GOOD,N/A,N/A,VAKI,NA
2019-10-07,18:19:00,UP,RBT,80,4.8,384,J,1,UNK,N,GOOD,P,FAIR,GOOD,NO,VAKI,NA
2019-10-08,21:19:00,UP,RBT,110,4.8,528,A,1,F,Y,GOOD,P,POOR,GOOD,NO,VAKI,NA
2019-10-12,07:05:00,UP,RBT,110,4.8,528,A,1,UNK,Y,GOOD,P,FAIR,GOOD,NO,VAKI,NA
2019-10-14,12:32:00,UP,RBT,72,4.8,346,J,1,UNK,N,GOOD,P,GOOD,GOOD,NO,VAKI,NA
2019-10-18,13:57:00,UP,RBT,108,4.8,518,A,1,F,Y,GOOD,P,GOOD,GOOD,NO,VAKI,NA
2019-10-19,23:35:00,UP,RBT,95,4.8,456,A,1,UNK,Y,GOOD,P,GOOD,GOOD,NO,VAKI,NA
2019-10-25,12:12:00,UP,RBT,102,4.8,490,A,1,UNK,Y,L,P,GOOD,GOOD,NO,VAKI,NA
2019-10-28,23:49:00,UP,RBT,92,4.8,442,A,1,UNK,N,GOOD,P,GOOD,GOOD,NO,VAKI,NA
2019-10-29,10:26:00,UP,RBT,57,4.8,274,J,1,UNK,Y,GOOD,P,FAIR,POOR,NO,VAKI,NA
2019-10-29,10:26:00,DOWN,RBT,57,4.8,274,J,-1,UNK,Y,GOOD,P,POOR,N/A,N/A,VAKI,NA
2019-10-29,11:18:00,UP,RBT,57,4.8,274,J,1,UNK,Y,GOOD,P,FAIR,GOOD,NO,VAKI,NA
2019-10-30,19:02:00,UP,RBT,95,4.8,456,A,1,UNK,Y,GOOD,P,POOR,GOOD,NO,VAKI,NA
2019-10-30,19:02:00,DOWN,RBT,102,4.8,490,A,-1,UNK,Y,GOOD,P,FAIR,N/A,N/A,VAKI,NA
2019-10-30,19:13:00,UP,RBT,91,4.8,437,A,1,UNK,Y,GOOD,P,FAIR,GOOD,NO,VAKI,NA
2019-11-01,07:20:00,UP,RBT,72,4.8,346,J,1,UNK,N,GOOD,P,GOOD,GOOD,NO,VAKI,NA
2019-11-01,10:04:00,UP,RBT,70,4.8,336,J,1,UNK,N,GOOD,P,GOOD,GOOD,NO,VAKI,NA
2019-11-02,09:56:00,UP,RBT,90,4.8,432,A,1,UNK,Y,GOOD,P,GOOD,GOOD,NO,VAKI,NA
2019-11-04,16:08:00,UP,RBT,92,4.8,442,A,1,UNK,Y,GOOD,P,GOOD,GOOD,NO,VAKI,NA
2019-11-05,16:01:00,UP,RBT,80,4.8,384,J,1,UNK,N,GOOD,P,GOOD,GOOD,NO,VAKI,NA
2019-11-06,08:31:00,UP,RBT,70,4.8,336,J,1,UNK,N,GOOD,P,GOOD,GOOD,NO,VAKI,NA
2019-11-09,07:55:00,UP,RBT,55,4.8,264,J,1,UNK,Y,GOOD,P,FAIR,POOR,TB,VAKI,NA
2019-11-09,11:25:00,UP,RBT,60,4.8,288,J,1,UNK,Y,GOOD,P,FAIR,POOR,TB,VAKI,NA
2019-11-09,15:00:00,UP,RBT,80,4.8,384,J,1,UNK,N,GOOD,P,FAIR,POOR,TB,VAKI,NA
2019-11-09,21:56:00,UP,RBT,75,4.8,360,J,1,UNK,N,GOOD,VL,FAIR,POOR,TB,VAKI,NA
2019-11-11,15:40:00,UP,RBT,120,4.8,576,A,1,UNK,N,GOOD,VL,GOOD,POOR,TB,VAKI,NA
2019-11-12,11:05:00,UP,RBT,71,4.8,341,J,1,UNK,N,GOOD,P,GOOD,GOOD,NO,VAKI,NA
2019-11-12,18:47:00,UP,RBT,75,4.8,360,J,1,UNK,N,GOOD,P,FAIR,FAIR,NO,VAKI,NA
2019-11-12,23:45:00,UP,RBT,135,4.8,648,A,1,UNK,N,GOOD,P,GOOD,GOOD,NO,VAKI,NA
2019-11-21,12:07:00,UP,RBT,62,4.8,298,J,1,UNK,Y,GOOD,P,FAIR,FAIR,NO,VAKI,NA
2019-11-30,10:12:00,UP,RBT,97,4.8,466,A,1,UNK,N,GOOD,P,GOOD,FAIR,NO,VAKI,NA
2020-11-01,20:50:00,UP,RBT,130,4.8,624,A,1,UNK,Y,AB,P,POOR,FAIR,OR,VAKI,NA
2020-11-16,07:54:00,UP,RBT,62,4.8,297.6,J,1,UNK,N,GOOD,P,FAIR,GOOD,NO,VAKI,NA
2020-11-19,11:19:00,UP,RBT,57,4.8,273.6,J,1,UNK,N,GOOD,VL,POOR,POOR,TB,VAKI,NA
2020-11-24,07:08:00,UP,RBT,60,4.8,288,J,1,UNK,N,GOOD,P,FAIR,GOOD,NO,VAKI,NA
2020-12-27,07:54:00,UP,RBT,75,4.8,360,J,1,UNK,N,GOOD,P,FAIR,FAIR,NO,VAKI,NA
2020-12-28,06:50:00,UP,RBT,65,4.8,312,J,1,UNK,N,GOOD,P,GOOD,FAIR,TB,VAKI,NA
2020-12-28,06:50:00,DOWN,RBT,65,4.8,312,J,-1,UNK,N,GOOD,P,POOR,NONE,N/A,VAKI,NA
2020-12-31,12:38:00,UP,RBT,67,4.8,321.6,J,1,UNK,N,GOOD,VL,FAIR,FAIR,OR,VAKI,NA
2020-12-31,17:04:00,UP,RBT,65,4.8,312,J,1,UNK,N,GOOD,P,GOOD,FAIR,DB,VAKI,NA
