station,sample_date,sample_time,water_temperature,number_of_submerged_panels,reset_restart_comp,weather,stream_gauge,turbidity,battery_voltage,dissolved_oxygen,velocity_upstream,velocity_downstream,conductivity,solar_voltage,fyke_closed,fyke_open,downstream_livebox_installed_y_n,vaki_y_n,barrels_y_n,crew_initials,comments1,trap_closed,trap_open,condition_code,trapping
ST031X,2021-09-08,NA,NA,0,08:15:00,CLR,NA,NA,NA,NA,NA,NA,NA,NA,NA,NA,NA,NA,NA,"GJ, MK",Weir installed,NA,NA,NA,No
ST031X,2021-09-09,09:00:00,64.8,0,09:15:00,CLR,2.1,1.71,NA,8.89,3.2,1.3,53,NA,09:05:00,09:15:00,YES,YES,NO,"RB, MI",NA,NA,NA,NA,No
ST031X,2021-09-10,09:30:00,64.3,0,09:45:00,CLD,2.14,1.75,NA,9.02,3.4,1.3,52.3,NA,09:30:00,09:45:00,YES,YES,NO,"RB, MI",NA,NA,NA,NA,No
ST031X,2021-09-13,08:45:00,62.9,2,10:02:00,CLR,2.14,1.73,NA,8.59,4.5,0.4,55.5,NA,08:48:00,08:55:00,YES,YES,NO,"TL, MI",Added 1 barrel at corner of weir. Backup cameras OK. Two turtles in downstream trap.,NA,NA,NA,No
ST031X,2021-09-15,09:00:00,63.8,0,NA,CLR,2.06,1.78,NA,8.75,3.5,1.7,53.8,NA,08:53:00,09:45:00,YES,NO,NO,"BS, CH",Could not connect Vaki. Low panel near fish passage might need a barrel.,NA,NA,NA,No
ST031X,2021-09-17,09:00:00,62.1,2,08:57:00,CLR,2.08,2.31,NA,8.64,2.3,0.4,58.4,NA,08:51:00,09:00:00,YES,YES,NO,"TL, CH",NA,NA,NA,NA,No
ST031X,2021-09-20,10:15:00,64.2,0,10:23:00,CLR,2.05,1.5,NA,NA,2.3,1.5,58.3,NA,10:18:00,10:24:00,YES,YES,NO,"GJ, BS",Boat passage needs replaced. DO meter not working,NA,NA,NA,No
ST031X,2021-09-22,09:00:00,63.2,0,09:27:00,CLR,1.97,4.32,28.05,9.05,2.7,1.1,61.4,7.7,08:51:00,09:28:00,YES,YES,NO,"BS, IH",NA,NA,NA,NA,No
ST031X,2021-09-24,08:45:00,64.4,0,08:55:00,CLR,2,2,26.37,8.59,2.7,1.3,62.1,4.9,08:50:00,08:56:00,YES,YES,NO,"BS, IH","Pit tag ok, Back up ok.",NA,NA,NA,No
ST031X,2021-09-27,09:00:00,62.1,1,08:57:00,CLR,1.92,0.88,26/11.6,8.75,3.1,0.4,62.7,4.6/1.8,08:50:00,09:00:00,YES,YES,NO,"TL, CH",Added 1 barrel where spilling. Back up cameras ok. Pit tag readers- Charge light reset.,NA,NA,NA,No
ST031X,2021-09-29,08:30:00,60.3,1,08:43:00,CLR,1.88,1.53,25.4/11.5,8.78,2.1,0.6,62.2,2.5/1.5,08:38:00,08:45:00,YES,YES,NO,"TL, CH","Added 3rd barrel where spilling. Adjusted camera placement. Back up cameras ok, upstream pit tag - charge error, reset",NA,NA,NA,No
ST031X,2021-10-01,08:45:00,60.2,0,08:51:00,CLR,1.84,3.75,25.8/11.8,8.93,2.1,0.3,58.4,4.5/1.7,08:42:00,08:55:00,YES,YES,NO,"TL, CH, SD","Pit tag readers off- Battery dead, Back up computer off on arrival- turned on.",NA,NA,NA,No
ST031X,2021-10-02,08:45:00,61,0,08:53:00,CLR,1.84,2.66,26.4,8.92,2.3,0.5,59.8,5.2,08:45:00,08:54:00,YES,YES,NO,"IH, MI",NA,NA,NA,NA,No
ST031X,2021-10-03,10:00:00,61.3,0,10:20:00,CLD,1.82,3.47,27.34,9.7,2.7,0.4,63.6,7.2,10:19:00,10:22:00,YES,YES,NO,"IH, MI",NA,NA,NA,NA,No
ST031X,2021-10-04,10:15:00,59.5,0,10:25:00,CLD,1.88,1.64,28.12,9.4,2.5,0.6,60.2,6.7,10:23:00,10:27:00,YES,YES,NO,"MI, CH, ND",NA,NA,NA,NA,No
ST031X,2021-10-05,08:30:00,59.5,0,08:45:00,CLR,1.82,0.87,25.96/11.69,9.32,2.8,0.6,56.6,3.1/6.4,08:39:00,08:46:00,YES,YES,NO,"MI, CH",NA,NA,NA,NA,No
ST031X,2021-10-06,09:00:00,60.2,0,09:17:00,CLD,1.86,0.98,25.49/12.34,9.23,2.7,0.6,59.4,1.8/2.5,09:08:00,09:18:00,YES,YES,NO,"MI, CH",NA,NA,NA,NA,No
ST031X,2021-10-07,09:30:00,60,0,09:44:00,CLD,1.88,4.71,26.67/12.43,9.73,2.6,0.6,61.3,3.0/4.4,09:39:00,09:46:00,YES,YES,NO,"MI, IH",NA,NA,NA,NA,No
ST031X,2021-10-08,09:30:00,59.2,0,09:45:00,CLR,1.82,1.17,12.7,9.49,2.7,1.1,62.2,7.1,09:45:00,09:50:00,YES,YES,NO,"EF, RB",NA,NA,NA,NA,No
ST031X,2021-10-09,08:15:00,58.3,0,08:27:00,CLR,1.82,1.75,22.5,9.04,2.4,0.6,67.3,1.6,08:21:00,08:31:00,YES,YES,NO,"SC, CH",NA,NA,NA,NA,No
ST031X,2021-10-10,08:15:00,57.4,0,08:31:00,CLR,1.8,3.24,22.6,9.28,2.5,0.4,66.1,1,08:28:00,08:34:00,YES,YES,YES,"SC, CH",3 barrels northside,NA,NA,NA,No
ST031X,2021-10-11,08:30:00,57.2,0,08:57:00,CLR,1.8,2.08,12.8,9.49,2.5,0.7,57.2,2.8,08:45:00,09:00:00,YES,YES,NO,"RB, CH",NA,NA,NA,NA,No
ST031X,2021-10-11,18:00:00,58.5,2,NA,NIT,1.84,2.79,NA,11.23,NA,NA,72.4,NA,NA,NA,YES,YES,NO,"IH, MI",NA,NA,NA,NA,No
ST031X,2021-10-12,09:45:00,54.6,0,10:00:00,CLR,1.85,3.17,13.18,9.99,3.4,1.1,56.9,6.2,09:53:00,10:00:00,YES,YES,NO,"RB, MI",NA,NA,NA,NA,No
ST031X,2021-10-13,09:15:00,53.9,0,09:40:00,CLD,1.9,1.21,13.37,10.12,3.3,1,55.7,7.4,09:25:00,09:40:00,YES,YES,NO,"RB, MI",NA,NA,NA,NA,No
ST031X,2021-10-14,09:00:00,54.5,0,09:17:00,CLR,1.82,2.89,27.48,10.28,2.8,0.8,62.2,8.3,09:12:00,09:19:00,YES,YES,NO,"IH, CH",VAKI & PIT reader on at arrival. Backup camera not on at arrival,NA,NA,NA,No
ST031X,2021-10-15,09:00:00,54.5,0,08:40:00,CLR,0.8,1.75,26.97/12.78,9.99,2.4,0.9,63.2,5.8/1.4,08:35:00,08:50:00,YES,NA,NA,"GJ, EF, MK",Camera was frozen on arrival,NA,NA,NA,No
ST031X,2021-10-16,08:30:00,55,0,08:34:00,CLR,1.8,2.92,25.38/12.57,9.88,2.9,NA,60.1,2.1/1.1,08:28:00,08:35:00,NO,YES,YES,"BS, MI","small solar panel removed, four barrels installed on boat passage",NA,NA,NA,No
ST031X,2021-10-16,18:00:00,NA,0,NA,CLR,1.9,NA,NA,NA,NA,NA,NA,NA,NA,NA,NO,YES,YES,"RB, IH",NA,NA,NA,NA,No
ST031X,2021-10-16,23:00:00,53.8,0,NA,NIT,2.35,4.92,NA,9.96,NA,NA,57.7,NA,NA,NA,NO,YES,YES,"RB, IH",NA,NA,NA,NA,No
ST031X,2021-10-17,08:30:00,56,0,08:39:00,CLD,3.63,5.81,26.9/12.71,9.81,1.9,NA,53.6,2.4/3.4,08:34:00,08:40:00,NO,YES,YES,"BS, MI","backup camera ok, weir check 0330 and 0730",NA,NA,NA,No
ST031X,2021-10-17,16:30:00,NA,0,NA,CLD,3.85,NA,NA,NA,NA,NA,NA,NA,NA,NA,NO,YES,YES,"RB, IH",NA,NA,NA,NA,No
ST031X,2021-10-17,22:00:00,57.3,0,NA,NIT,3.6,2.62,NA,10.06,NA,NA,49.9,NA,NA,NA,NO,YES,YES,"IH, RB","PIT tag reader connected, backup camera connected",NA,NA,NA,No
ST031X,2021-10-18,07:30:00,55.6,0,07:45:00,CLD,3.6,6.36,25.13/12.45,9.97,1.7,NA,49.8,0.2/0.5,07:38:00,07:46:00,NO,YES,YES,"BS, MI",NA,NA,NA,NA,No
ST031X,2021-10-18,17:30:00,56.7,0,NA,NIT,3.44,4.07,25.46,10.61,1.9,NA,59.8,NA,NA,NA,NO,YES,YES,"SC, RB",NA,NA,NA,NA,No
ST031X,2021-10-19,09:45:00,54.4,0,10:10:00,CLR,2.35,2.07,13.64,10.07,2.7,NA,57.7,5.2,10:00:00,10:10:00,NO,YES,YES,"RB, IH",NA,NA,NA,NA,No
ST031X,2021-10-19,19:30:00,56.2,0,NA,NIT,2.4,3.11,NA,10.93,NA,NA,60.7,NA,NA,NA,NO,YES,YES,"RB, IH",NA,NA,NA,NA,No
ST031X,2021-10-20,09:00:00,56.2,0,09:28:00,CLD,3.15,2.05,25.95,9.97,2,NA,55.9,2.9,09:18:00,09:28:00,NO,YES,YES,"RB, IH",NA,NA,NA,NA,No
ST031X,2021-10-20,20:00:00,57.8,0,NA,NIT,3.09,2.04,NA,10.47,NA,NA,60.8,NA,NA,NA,NO,YES,YES,"RB, IH","PIT tag reader connected, backup camera connected",NA,NA,NA,No
ST031X,2021-10-21,09:00:00,57.2,0,10:40:00,CLD,2.9,1.37,12.54,9.73,1.1,NA,67.7,2.4,09:05:00,09:15:00,NO,YES,YES,"RF, EF",NA,NA,NA,NA,No
ST031X,2021-10-21,17:30:00,59.6,0,NA,NIT,2.94,3.3,26.2,10.59,1.8,NA,58.3,NA,NA,NA,NO,YES,NO,"SC, BS",NA,NA,NA,NA,No
ST031X,2021-10-22,08:00:00,57.5,0,08:13:00,RAN,3.76,2.89,25.11/12.46,9.76,2.9,NA,53.2,0.0/0.2,08:04:00,08:14:00,NO,YES,YES,"IH, MI",NA,NA,NA,NA,No
ST031X,2021-10-22,19:00:00,57.5,0,NA,NIT,3.88,2.95,25.5,10.33,3.88,NA,57.8,0,NA,NA,NO,YES,YES,"MK, GJ",Monitor weir 16:00-24:00,NA,NA,NA,No
ST031X,2021-10-23,07:30:00,57,0,07:45:00,CLD,4.6,2.4,25.07,10.15,4.2,NA,66.8,0.1,07:38:00,07:46:00,NO,YES,YES,"IH, MI",Monitor weir 00:00-12:00; cleaned at 08:00 and 10:30,NA,NA,NA,No
ST031X,2021-10-23,17:30:00,57.5,0,NA,NIT,4.55,2.54,25.07,10.71,NA,NA,57.1,0,NA,NA,NO,YES,YES,"MK, GJ",Monitor weir 12:00-20:00,NA,NA,NA,No
ST031X,2021-10-24,08:00:00,56.9,0,08:02:00,RAN,4.34,3.2,25.1/15.6,9.68,2.1,NA,55.9,0,07:55:00,08:04:00,NO,YES,YES,"MI, BS",Backup camera OK,NA,NA,NA,No
ST031X,2021-10-24,17:00:00,NA,0,NA,NIT,4.8,NA,NA,NA,NA,NA,NA,NA,NA,NA,NO,YES,YES,"RB, IH",PIT tag reader disconnected. Monitor from 12:00-00:30,NA,NA,NA,No
ST031X,2021-10-25,06:30:00,57.6,0,06:36:00,NIT,5.6,12.47,24.96/12.29,9.67,NA,NA,78.8,0,06:26:00,06:36:00,NO,YES,YES,"BS, MI","flow over box, backup camera ok",NA,NA,NA,No
ST031X,2021-10-26,12:45:00,56.6,28,12:45:00,CLD,2.75,16.38,29.68,9.69,2,NA,75.5,6.5,12:45:00,12:50:00,NO,NO,YES,"RB, IH",weir floating again at 10:30. Vaki reconnected after process. PIT tag reader reconnected. Downstream red buoys missing,NA,NA,NA,No
ST031X,2021-10-27,09:00:00,55.7,0,09:10:00,CLR,2.7,6.99,26.66,9.7,2,NA,67.9,5.6,09:05:00,09:10:00,NO,YES,YES,"RB, MI",NA,NA,NA,NA,No
ST031X,2021-10-27,19:00:00,58.4,0,NA,NIT,2.8,1.85,25.5,10.46,NA,NA,65.8,1.3,NA,NA,NO,YES,YES,"IH, MI","PIT tag reader connected, backup camera connected",NA,NA,NA,No
ST031X,2021-10-28,09:30:00,56.7,0,09:56:00,CLD,3.35,3.61,26.21,9.92,2,NA,69.1,2.8,09:47:00,09:56:00,NO,YES,YES,"RB, IH","PIT tag reader connected, backup camera connected",NA,NA,NA,No
ST031X,2021-10-19,08:30:00,56.5,0,08:45:00,CLD,2.92,2.03,25.51/12.55,9.77,2,NA,63.4,4.3/1.4,08:30:00,08:45:00,NO,YES,YES,"IH, BS","PIT tag reader connected, backup camera connected",NA,NA,NA,No
ST031X,2021-10-29,08:30:00,56.5,0,08:45:00,CLD,2.9,20.3,25.61/12.55,9.77,2,NA,63.4,4.3/1.4,08:30:00,08:45:00,NO,YES,YES,"IH, BS","PIT tag reader connected, backup camera connected",NA,NA,NA,No
ST031X,2021-10-29,23:00:00,57.8,0,NA,NIT,3.58,4.15,25.37,10.12,NA,NA,63.8,0,NA,NA,NO,YES,YES,"IH, MI","PIT tag reader connected, backup camera connected",NA,NA,NA,No
ST031X,2021-10-30,08:55:00,56.8,0,09:00:00,CLR,3.82,1.72,26.68,9.85,1.7,NA,58.8,1.2,08:45:00,09:00:00,NO,YES,YES,"GJ, BS",NA,NA,NA,NA,No
ST031X,2021-10-30,20:00:00,57.3,0,NA,NIT,4.34,4.74,25.35,10.14,NA,NA,72.1,0,NA,NA,NO,YES,YES,"MI, IH","monitor from 19:00-01:00, checked at 00:00. PIT tag reader and backup camera connected.",NA,NA,NA,No
ST031X,2021-10-31,08:30:00,55.9,0,08:35:00,CLD,4.35,3.53,25.59,9.99,3.1,NA,64.5,2.9,08:30:00,08:40:00,NO,YES,YES,"RB, MK",NA,NA,NA,NA,No
ST031X,2021-11-01,09:45:00,56.1,2,10:04:00,CLD,3.6,2.3,26.61,10.02,1.5,NA,60.1,1.8,09:54:00,10:05:00,NO,YES,YES,"RB, EF",NA,NA,NA,NA,No
ST031X,2021-11-02,12:00:00,NA,NA,12:15:00,CLD,2.55,1.51,29.3,NA,2.1,NA,66.5,4.5,12:05:00,12:15:00,NO,YES,YES,"RB, IH",NA,NA,NA,NA,No
ST031X,2021-11-03,08:30:00,56.9,0,08:39:00,CLR,3.06,2.2,25.63/12.51,9.8,1.8,NA,60.7,2.7/1.0,08:35:00,08:40:00,NO,YES,YES,"MI, BS","PIT tag reader connected, backup camera connected",NA,NA,NA,No
ST031X,2021-11-04,08:30:00,57,0,08:43:00,CLD,2.38,0.99,25.5,9.54,1.2,NA,64.2,1.5,08:38:00,08:45:00,NO,YES,YES,"TL, IH","PIT tag reader connected, backup camera connected. VAKI may be going on/off",09:10:00,NA,NA,Yes
ST031X,2021-11-04,12:00:00,58.3,0,NA,CLD,2.32,2.5,27.7,10.33,NA,NA,62.2,6,NA,NA,NO,YES,YES,"TL, IH, BS",Checked trap and removed barrels under boat passage,NA,NA,NA,Yes
ST031X,2021-11-04,15:45:00,59.2,0,NA,CLR,2.3,1.22,NA,11.12,NA,NA,61.1,NA,NA,NA,NO,YES,YES,"TL, IH, BS","Checked & opened trap, no fish",NA,15:40:00,NA,Yes
ST031X,2021-11-05,08:45:00,56.2,0,08:53:00,CLR,1.97,1.04,26.6,8.77,1.9,NA,54.1,5,08:48:00,08:54:00,NO,YES,YES,"TL, SD","Set trap. PIT tag reader connected, backup camera connected",09:00:00,NA,NA,Yes
ST031X,2021-11-05,13:00:00,58.8,0,NA,CLR,1.87,1.32,NA,9.58,NA,NA,54.9,NA,NA,NA,NO,YES,YES,"TL, SD",Trap check,NA,NA,NA,Yes
ST031X,2021-11-05,16:00:00,59,0,NA,CLD,1.85,1.44,NA,10.02,NA,NA,54.5,NA,NA,NA,NO,YES,YES,"TL, SD","Trap opened at 1600, checked- no fish",NA,16:00:00,NA,Yes
ST031X,2021-11-06,08:15:00,56,0,08:24:00,CLD,1.86,1.42,25.39/12.53,8.93,3,NA,51.1,1.3/1.2,08:18:00,08:25:00,NO,YES,YES,"MI, SD",NA,NA,NA,NA,No
ST031X,2021-11-07,08:15:00,56,0,08:25:00,CLR,1.86,1.98,27.37/13.08,9.19,3.1,NA,52.3,7.9/2.0,08:18:00,08:26:00,NO,YES,YES,"MI, ND","PIT tag reader connected, backup camera connected",NA,NA,NA,No
ST031X,2021-11-08,04:15:00,54.5,0,NA,NIT,1.88,1.24,NA,9.28,NA,NA,65.8,NA,NA,NA,NO,YES,YES,"TL, IH",Set trap,04:15:00,NA,NA,Yes
ST031X,2021-11-08,08:00:00,53.5,0,07:30:00,CLR,1.82,1.17,25.6/12.5/12.5,9.46,1.2,NA,59.3,1.0/1.0/1.1,07:15:00,07:34:00,NO,YES,YES,"TL, IH","Backup camera ok, PIT tag reader ok. Checked trap at 8:00- no fish, escaped DS, narrowed fyke trap to 10.5 cm",NA,NA,NA,Yes
ST031X,2021-11-08,09:30:00,53.4,0,NA,CLR,1.8,1.48,NA,10.33,NA,NA,58.6,NA,NA,NA,NO,YES,YES,"TL, IH",Checked trap- no fish,NA,NA,NA,Yes
ST031X,2021-11-08,13:15:00,56.4,0,NA,CLR,1.8,1.16,NA,11.3,NA,NA,64.8,NA,NA,NA,YES,YES,YES,"BS, SD, MI, LD","Trap check, downstream livebox installed",NA,NA,NA,Yes
ST031X,2021-11-08,16:30:00,NA,0,NA,CLD,1.8,1.06,NA,NA,2.1,0.4,NA,NA,NA,NA,YES,YES,YES,"JP, RB",No fish in trap,NA,NA,NA,Yes
ST031X,2021-11-08,20:30:00,NA,0,NA,NIT,1.8,NA,NA,NA,2.1,NA,NA,NA,NA,NA,YES,YES,YES,"JP, RB","No fish in trap, installed 2nd fyke at 21:50 upstream of scanner plates",NA,NA,NA,Yes
ST031X,2021-11-09,02:15:00,NA,0,NA,NIT,1.8,1.06,NA,NA,NA,NA,NA,NA,NA,NA,YES,YES,YES,"JP, RB",NA,NA,NA,NA,Yes
ST031X,2021-11-09,04:00:00,NA,0,NA,NIT,1.8,NA,NA,NA,2.1,NA,NA,NA,NA,NA,YES,YES,YES,"JP, RB",Removed 2nd test fyke at 04:30,NA,NA,NA,Yes
ST031X,2021-11-09,07:30:00,54.9,0,08:09:00,CLD,1.81,2.22,25.4/12.5/12.5,9.72,1.7,0,62.9,1.7/2.1/1.6,08:02:00,08:10:00,YES,YES,YES,"TL, IH","4 CHN escaped trap upstream, 1 released due to condition. Pulled trap to fix edges. Processed fish at 6:30",NA,NA,NA,Yes
ST031X,2021-11-09,09:30:00,54.6,0,NA,RAN,1.82,1.87,NA,10.8,NA,NA,69.8,NA,NA,NA,YES,YES,YES,"TL, IH",NA,NA,NA,NA,Yes
ST031X,2021-11-09,13:00:00,55.7,0,NA,CLD,1.82,1.52,27.3,11.3,NA,NA,63.2,4.9,NA,NA,YES,YES,YES,"TL, IH","Processed fish as they entered trap, passed upstream",NA,NA,NA,Yes
ST031X,2021-11-09,17:00:00,55.8,0,NA,CLR,1.85,0.72,NA,12.08,1.7,0.4,64.2,NA,NA,NA,YES,YES,YES,"JP, RB",NA,NA,NA,NA,Yes
ST031X,2021-11-09,20:00:00,NA,0,NA,NIT,1.85,NA,NA,NA,NA,NA,NA,NA,NA,NA,YES,YES,YES,"JP, RB",NA,NA,NA,NA,Yes
ST031X,2021-11-09,23:30:00,NA,0,NA,NIT,1.85,NA,NA,NA,NA,NA,NA,NA,NA,NA,YES,YES,YES,"JP, RB","VAKI numbers seem off, red line on scanner",NA,23:40:00,NA,Yes
ST031X,2021-11-10,10:45:00,55.2,0,10:53:00,CLD,1.81,1.66,27.4/13.9/13.9,10.88,2,0,73.3,3.8/4.6/3.4,10:45:00,10:56:00,YES,YES,YES,"TL, BS","PIT tag reader connected, backup camera connected. Removed fyke passage at 11:00 to fix netting.",NA,NA,NA,No
ST031X,2021-11-11,04:30:00,55.1,0,NA,NIT,1.82,NA,NA,9.83,NA,NA,66,NA,NA,NA,YES,YES,YES,"TL, IH",Set trap,04:40:00,NA,NA,Yes
ST031X,2021-11-11,07:30:00,55.2,0,07:42:00,FOG,1.82,NA,25.2/12.5/12.5,9.75,1.9,0,66.8,0.6/0.9/0.8,07:34:00,07:43:00,YES,YES,YES,"TL, IH","Backup camera ok, pit tag reader ok. Lost turbidity sample",NA,NA,NA,Yes
ST031X,2021-11-11,10:00:00,55.1,0,NA,CLD,1.81,NA,NA,10.36,NA,NA,63.3,NA,NA,NA,YES,YES,YES,"TL, IH",Checked trap- no fish,NA,NA,NA,Yes
ST031X,2021-11-11,13:30:00,56.6,0,NA,CLR,1.8,NA,NA,12.05,NA,NA,61.2,NA,13:15:00,13:45:00,YES,YES,YES,"MK, JM",NA,NA,NA,NA,Yes
ST031X,2021-11-11,17:15:00,56.3,0,NA,CLR,1.8,1.38,NA,12.39,1.5,0.4,66.6,NA,NA,NA,YES,YES,YES,"RB, LD",NA,17:30:00,17:40:00,NA,Yes
ST031X,2021-11-11,21:00:00,NA,NA,NA,NIT,1.8,NA,NA,NA,NA,NA,NA,NA,NA,NA,YES,YES,YES,"RB, LD",NA,NA,NA,NA,Yes
ST031X,2021-11-12,01:00:00,NA,0,NA,NIT,1.8,NA,NA,NA,NA,NA,NA,NA,NA,NA,YES,YES,YES,"RB, LD",NA,NA,NA,NA,Yes
ST031X,2021-11-12,04:00:00,NA,0,NA,NIT,1.8,NA,NA,NA,NA,NA,NA,NA,NA,NA,YES,YES,YES,"RB, LD",NA,04:00:00,04:15:00,NA,Yes
ST031X,2021-11-12,07:00:00,54.8,0,09:20:00,FOG,1.8,1.81,25.35,9.73,1.3,0,65.8,1.1,08:10:00,09:22:00,YES,YES,YES,"IH, SD","Female chinook escaped downstream through gap in bulkhead and panel. PIT tag reader connected, backup camera connected. Repaired the gap in the bulkhead and panel.",NA,NA,NA,Yes
ST031X,2021-11-12,13:00:00,55.4,0,NA,CLD,1.8,1.84,27.6/13.29,11.87,NA,NA,64.8,5.3/6.5,NA,NA,YES,YES,YES,"BS, ND","No passages. Nothing in trap. Backup camera ok, pit tag reader ok.",NA,NA,NA,Yes
ST031X,2021-11-12,17:15:00,56.1,0,NA,CLD,1.8,1.15,NA,12.53,2.1,0.4,63.1,NA,NA,NA,YES,YES,YES,"RB, LD",NA,NA,NA,NA,Yes
ST031X,2021-11-12,21:15:00,NA,0,NA,NIT,1.8,NA,NA,NA,NA,NA,NA,NA,NA,NA,YES,YES,YES,"RB, LD",NA,NA,NA,NA,Yes
ST031X,2021-11-12,23:45:00,NA,0,NA,NIT,1.8,NA,NA,NA,NA,NA,NA,NA,NA,NA,YES,YES,YES,"RB, LD",Removed trap,NA,23:55:00,NA,Yes
ST031X,2021-11-13,08:30:00,55.4,0,08:47:00,CLD,1.8,1.34,25.38,9.81,2.5,0,63.3,1.7,08:35:00,08:50:00,YES,YES,YES,"IH, SD","PIT tag reader connected, backup camera connected",NA,NA,NA,No
ST031X,2021-11-14,08:15:00,55.9,0,08:25:00,CLD,1.8,2.03,25.14/12.45,9.6,2.7,0.2,61.5,0.8/1.2,08:16:00,08:26:00,YES,YES,YES,"MI, ND",Backup camera ok,NA,NA,NA,No
ST031X,2021-11-15,10:00:00,56.6,0,10:05:00,CLD,1.81,0.87,25.99,9.9,2.9,0.8,71.9,2.21,09:55:00,10:10:00,YES,YES,YES,"MK, GJ",NA,NA,NA,NA,No
ST031X,2021-11-16,04:30:00,56.2,0,NA,NIT,1.82,NA,NA,9.68,NA,NA,66.8,0,NA,NA,YES,YES,YES,"TL, JP",Installed trap with 2nd fyke,04:30:00,NA,NA,Yes
ST031X,2021-11-16,07:15:00,56,0,07:26:00,CLD,1.79,2.21,25.55,9.49,1.9,0,66.5,0,NA,NA,YES,YES,YES,"TL, JP",NA,NA,NA,NA,Yes
ST031X,2021-11-16,10:00:00,NA,0,NA,CLD,1.81,NA,NA,NA,NA,NA,NA,NA,NA,NA,YES,YES,YES,"TL, JP",Checked trap- no fish,NA,NA,NA,Yes
ST031X,2021-11-16,13:30:00,56.3,0,NA,CLD,1.8,1.22,NA,10.87,1.5,0.1,68.8,NA,NA,NA,YES,YES,YES,"LD, IH",Checked trap- no fish,NA,NA,NA,Yes
ST031X,2021-11-16,17:30:00,56,0,NA,NIT,1.8,1.45,NA,11.06,2.1,0.4,64.4,NA,NA,NA,YES,YES,YES,"RB, MI",NA,NA,NA,NA,Yes
ST031X,2021-11-16,21:00:00,NA,0,NA,NIT,1.8,NA,NA,NA,NA,NA,NA,NA,NA,NA,YES,YES,YES,"RB, MI",NA,NA,NA,NA,Yes
ST031X,2021-11-17,00:15:00,NA,0,NA,NIT,1.8,NA,NA,NA,NA,NA,NA,NA,NA,NA,YES,YES,YES,"RB, MI",NA,NA,NA,NA,Yes
ST031X,2021-11-17,04:00:00,NA,0,NA,NIT,1.8,NA,NA,NA,NA,NA,NA,NA,NA,NA,YES,YES,YES,"RB, MI",NA,NA,NA,NA,Yes
ST031X,2021-11-17,08:30:00,54.4,0,08:51:00,CLD,1.81,2.7,25.7/12.3/12.3,9.97,NA,0,67.3,2.3/2.9/2.3,08:30:00,08:44:00,YES,YES,YES,"TL, JP",NA,NA,NA,NA,Yes
ST031X,2021-11-17,12:30:00,56,0,NA,CLD,1.78,NA,NA,11.84,NA,NA,70.5,NA,NA,NA,YES,YES,YES,"TL, JP",Checked trap- no fish,NA,NA,NA,Yes
ST031X,2021-11-17,17:00:00,55.9,0,NA,NIT,1.8,1.24,NA,12.33,2.1,0.4,61.2,NA,NA,NA,YES,YES,YES,"RB, MI",NA,NA,NA,NA,Yes
ST031X,2021-11-17,21:00:00,NA,0,NA,NIT,1.8,NA,NA,NA,NA,NA,NA,NA,NA,NA,YES,YES,YES,"RB, MI",NA,NA,NA,NA,Yes
ST031X,2021-11-18,00:00:00,NA,0,NA,NIT,1.8,NA,NA,NA,NA,NA,NA,NA,NA,NA,YES,YES,YES,"RB, MI",Checked and removed trap,NA,00:00:00,NA,Yes
ST031X,2021-11-18,08:00:00,54,0,08:35:00,CLD,1.78,1.26,25.81,9.81,2.4,0.1,66.2,1.5,08:20:00,08:37:00,YES,YES,YES,"SC, EF",Installed downstream passage to trap,NA,NA,NA,No
ST031X,2021-11-19,04:30:00,54.5,0,NA,NIT,1.8,NA,NA,10.07,2.4,0,65.2,NA,NA,NA,YES,YES,YES,"JP, TL",Installed trap with 2nd fyke,04:15:00,NA,NA,Yes
ST031X,2021-11-19,07:30:00,54,0,08:12:00,CLD,1.8,1.61,25.8,10.02,2.4,0,67,2.6,08:03:00,08:13:00,YES,YES,YES,"JP, TL","PIT tag reader connected, backup cameras connected. Checked trap at 7:15- 1 M,Y escaped upstream? Checked trap at 09:00- no fish",NA,NA,NA,Yes
ST031X,2021-11-19,13:00:00,56.4,0,NA,CLR,1.8,1.1,30.13/13.82,11.92,NA,NA,65.5,1.1/0.7,NA,NA,YES,YES,YES,"BS, SD","Checked trap - no fish, zero passages. Vaki connected",NA,NA,NA,Yes
ST031X,2021-11-19,17:00:00,56.9,0,NA,NIT,1.8,0.88,NA,12.26,2.1,0.4,61.3,NA,NA,NA,YES,YES,YES,"RB, MI",NA,NA,NA,NA,Yes
ST031X,2021-11-19,21:00:00,NA,0,NA,NIT,1.8,NA,NA,NA,NA,NA,NA,NA,NA,NA,YES,YES,YES,"RB, MI",NA,NA,NA,NA,Yes
ST031X,2021-11-20,01:00:00,NA,0,NA,NIT,1.8,NA,NA,NA,NA,NA,NA,NA,NA,NA,YES,YES,YES,"RB, MI",NA,NA,NA,NA,Yes
ST031X,2021-11-20,04:00:00,NA,0,NA,NIT,1.8,NA,NA,NA,NA,NA,NA,NA,NA,NA,YES,YES,YES,"RB, MI",NA,NA,NA,NA,Yes
ST031X,2021-11-20,07:00:00,55.6,0,07:06:00,CLD,1.8,1.26,25.3,9.47,1.7,0,65.1,0.1,06:50:00,07:07:00,YES,YES,YES,"TL, CH","backup camera & pit tag reader ok. Monitored trap from 6:30-13:00, temps ok",NA,NA,NA,Yes
ST031X,2021-11-20,17:15:00,56.6,0,NA,NIT,1.86,1.08,25.61/12.69,11.9,2.1,0.4,60.9,0,NA,NA,YES,YES,YES,"RB, MI",NA,NA,NA,NA,Yes
ST031X,2021-11-20,21:00:00,NA,0,NA,NIT,1.8,NA,NA,NA,NA,NA,NA,NA,NA,NA,YES,YES,YES,"RB, MI",NA,NA,NA,NA,Yes
ST031X,2021-11-21,00:00:00,NA,NA,NA,NIT,1.8,NA,NA,NA,NA,NA,NA,NA,NA,NA,YES,YES,YES,"RB, MI",NA,NA,NA,NA,Yes
ST031X,2021-11-21,08:00:00,53,0,07:56:00,CLD,1.8,2.32,"25.54, 12.43",10.05,3.1,0.2,77.6,"2.0, 1.3",07:50:00,07:57:00,YES,YES,YES,"BS, ND","PIT tag reader OK, backup cameras OK",NA,NA,NA,Yes
ST031X,2021-11-22,04:15:00,53,0,NA,NIT,1.8,NA,NA,10.11,NA,NA,69.6,NA,NA,NA,YES,YES,YES,"TL, JP",Installed trap with second fyke,04:15:00,NA,NA,Yes
ST031X,2021-11-22,08:15:00,51.7,0,08:23:00,CLD,1.8,1.17,25.7,10.56,2.4,0,66.8,2.1,08:13:00,08:26:00,YES,YES,YES,"TL, JP",Backup camera & pit tag reader ok. Monitored trap until 10:00 - no fish,NA,NA,NA,Yes
ST031X,2021-11-22,13:00:00,54.1,0,NA,CLR,1.82,2,29.28,12.44,NA,NA,86.7,4.8,NA,NA,YES,YES,YES,"IH,ND","PIT tag reader OK, backup cameras OK",NA,NA,NA,Yes
ST031X,2021-11-22,17:30:00,54,0,NA,NIT,1.82,1.13,25.63/12.80,12.45,2.1,0,76.6,0,NA,NA,YES,YES,YES,"JP, MI",NA,NA,NA,NA,Yes
ST031X,2021-11-22,19:30:00,NA,0,NA,NIT,1.82,NA,NA,NA,NA,NA,NA,NA,NA,NA,YES,YES,YES,"JP, MI",NA,NA,NA,NA,Yes
ST031X,2021-11-22,23:30:00,NA,0,NA,NIT,1.82,NA,NA,NA,NA,NA,NA,NA,23:30:00,23:45:00,YES,YES,YES,"JP, LD",NA,NA,NA,NA,Yes
ST031X,2021-11-23,03:30:00,NA,0,NA,NIT,NA,NA,NA,NA,NA,NA,NA,NA,03:30:00,03:45:00,YES,YES,YES,"JP, LD",NA,NA,NA,NA,Yes
ST031X,2021-11-23,07:30:00,51.5,0,07:43:00,FOG,1.8,1.89,25.3,10.42,NA,0,78.6,0.8,07:40:00,07:45:00,YES,YES,YES,"TL, IH","PIT tag reader OK, backup cameras OK. Monitored trap until 10:00.",NA,NA,NA,Yes
ST031X,2021-11-23,13:00:00,NA,0,NA,CLR,NA,NA,NA,NA,NA,NA,NA,NA,NA,NA,YES,YES,YES,"EF, CH",Checked trap- no fish,NA,NA,NA,Yes
ST031X,2021-11-23,16:30:00,53.4,0,NA,CLR,1.82,0.72,25.68,12.65,1.4,NA,78.5,3.6,NA,NA,YES,YES,YES,"JP, LD",Checked trap- no fish,NA,NA,NA,Yes
ST031X,2021-11-23,23:30:00,NA,0,NA,NIT,1.82,NA,NA,NA,NA,NA,NA,NA,11:30:00,11:45:00,YES,YES,YES,"JP, LD",NA,NA,NA,NA,Yes
ST031X,2021-11-23,20:15:00,NA,0,NA,NIT,1.82,NA,NA,NA,NA,NA,NA,NA,20:15:00,20:30:00,YES,YES,YES,"JP, LD",NA,NA,23:45:00,NA,Yes
ST031X,2021-11-24,10:15:00,51.3,0,10:20:00,CLR,1.82,1.23,29.7,11.59,2.2,0,80.8,9,10:15:00,10:18:00,YES,YES,YES,"TL, CH","PIT tag readers OK, backup cameras OK",NA,NA,NA,No
ST031X,2021-11-25,10:30:00,50.5,0,11:30:00,CLR,1.84,1.79,29.72,12.21,2.9,0.1,81.2,7.7,11:20:00,11:32:00,YES,YES,YES,"IH, SD",Backup camera & pit tag reader ok,NA,NA,NA,No
ST031X,2021-11-26,11:00:00,50.9,0,11:11:00,CLR,1.8,2.95,29.59,12.6,2.9,0.1,77.4,6.1,11:09:00,11:13:00,YES,YES,YES,"IH, ND",Backup camera & pit tag reader ok,NA,NA,NA,No
ST031X,2021-11-27,08:15:00,49.8,0,NA,CLR,1.82,1.29,NA,11.07,3.4,0,62.8,4.7,08:34:00,08:47:00,YES,YES,YES,"JP, CH","12 volt system: solar amp 2.7, voltage 12.89",NA,NA,NA,No
ST031X,2021-11-28,08:15:00,50.1,0,08:30:00,CLR,1.8,1.4,25.82,10.86,2.8,0,73.8,2,08:18:00,08:32:00,YES,YES,YES,"JP, LD",12v system #1 12.72 volts 1.8 amps. 12v system #2 12.72 volts 7.0 amps,NA,NA,NA,No
ST031X,2021-11-29,04:30:00,52,0,NA,NIT,1.8,NA,NA,10.37,NA,NA,73.2,0,NA,NA,YES,YES,YES,"TL, SD",Set trap with 2nd fyke,04:15:00,NA,NA,Yes
ST031X,2021-11-29,08:00:00,48.8,0,08:00:00,FOG,1.8,1.17,25.6,11.1,2.1,0,68.5,1.7,07:53:00,08:03:00,YES,YES,YES,"TL, SD","PIT tag readers ok, backup camera ok, downstream camera not connected. Checked trap at 6 and 10",NA,NA,NA,Yes
ST031X,2021-11-29,13:00:00,52.4,0,NA,CLR,1.8,1.34,NA,11.98,NA,0,75.3,NA,NA,NA,YES,YES,YES,"JP, EF",No fish in trap,NA,NA,NA,Yes
ST031X,2021-11-29,17:30:00,52.5,0,NA,CLR,1.82,1.35,NA,12.44,2,NA,69.8,25.64,NA,NA,YES,YES,YES,"LD, RB",NA,NA,NA,NA,Yes
ST031X,2021-11-29,21:15:00,NA,0,NA,NIT,1.82,NA,NA,NA,NA,NA,NA,NA,NA,NA,YES,YES,YES,"LD, RB",NA,NA,NA,NA,Yes
ST031X,2021-11-30,01:00:00,NA,0,NA,NIT,1.82,NA,NA,NA,NA,NA,NA,NA,NA,NA,YES,YES,YES,"LD, RB",NA,NA,NA,NA,Yes
ST031X,2021-11-30,04:00:00,NA,0,NA,NIT,1.82,NA,NA,NA,NA,NA,NA,NA,NA,NA,YES,YES,YES,"LD, RB",NA,NA,NA,NA,Yes
ST031X,2021-11-30,08:15:00,51.1,0,08:22:00,CLR,1.81,NA,25.8,10.57,2.6,0,64.2,2,08:16:00,08:23:00,YES,YES,YES,"TL, CH","PIT tag readers ok, backup camera ok. Checked trap at 6 and 10",NA,NA,NA,Yes
ST031X,2021-11-30,13:00:00,53,0,NA,CLR,1.8,2.4,NA,11.84,1.5,NA,68.3,NA,NA,NA,YES,YES,YES,"CH, EF",NA,NA,NA,NA,Yes
ST031X,2021-11-30,17:00:00,52.5,0,NA,CLR,1.82,1.25,NA,NA,2.3,NA,71.2,NA,NA,NA,YES,YES,YES,"LD, RB",NA,NA,NA,NA,Yes
ST031X,2021-11-30,21:00:00,NA,0,NA,NIT,1.82,NA,NA,NA,NA,NA,NA,NA,NA,NA,YES,YES,YES,"LD, RB",NA,NA,NA,NA,Yes
ST031X,2021-11-30,23:30:00,NA,0,NA,NIT,1.82,NA,NA,NA,NA,NA,NA,NA,NA,NA,YES,YES,YES,"LD, RB",NA,NA,NA,NA,Yes
ST031X,2021-12-01,10:30:00,53.1,0,10:22:00,CLR,1.81,1.09,29.7,11.38,NA,NA,65.3,10.5,10:18:00,10:23:00,YES,YES,YES,"TL, SD","PIT tag readers ok, backup camera ok",NA,NA,NA,Yes
ST031X,2021-12-02,08:00:00,51.7,0,08:04:00,FOG,1.8,1.14,25.4,10.35,1.7,0,67.3,1.5,08:00:00,08:06:00,YES,YES,YES,"TL, ND","PIT tag readers ok, backup camera ok. Monitored trap 4-10:00",04:15:00,NA,NA,Yes
ST031X,2021-12-02,17:00:00,52.9,0,NA,CLD,1.82,1.23,29,12.63,2.1,0.4,75,NA,NA,NA,YES,YES,YES,"RB, LD",NA,NA,NA,NA,Yes
ST031X,2021-12-02,21:00:00,NA,0,NA,NIT,1.82,NA,NA,NA,NA,NA,NA,NA,NA,NA,YES,YES,YES,"RB, LD",NA,NA,NA,NA,Yes
ST031X,2021-12-03,01:00:00,NA,0,NA,NIT,1.82,NA,NA,NA,NA,NA,NA,NA,NA,NA,YES,YES,YES,"RB, LD",NA,NA,NA,NA,Yes
ST031X,2021-12-03,04:00:00,NA,0,NA,NIT,1.82,NA,NA,NA,NA,NA,NA,NA,NA,NA,YES,YES,YES,"RB, LD",NA,NA,NA,NA,Yes
ST031X,2021-12-03,07:30:00,51.1,0,07:32:00,FOG,1.8,0.59,25.2,10.4,2.9,0,68.6,0.3,07:23:00,07:33:00,YES,YES,YES,"TL, ND","VAKI videos not recording on arrrival, fixed after restarting computer",NA,NA,NA,Yes
ST031X,2021-12-03,17:00:00,52.3,0,NA,FOG,1.84,0.8,27.5,12.7,2.2,0.4,69.9,0,NA,NA,YES,YES,YES,"LD, RB",NA,NA,NA,NA,Yes
ST031X,2021-12-03,21:00:00,NA,0,NA,NIT,1.84,NA,NA,NA,NA,NA,NA,NA,NA,NA,YES,YES,YES,"LD, RB",NA,NA,NA,NA,Yes
ST031X,2021-12-04,00:00:00,NA,0,NA,NIT,1.84,NA,NA,NA,NA,NA,NA,NA,NA,NA,YES,YES,YES,"LD, RB",NA,NA,00:00:00,NA,Yes
ST031X,2021-12-04,08:00:00,52.2,0,NA,CLD,1.82,0.87,25.66,10.36,1.9,0,75.6,1.3,08:02:00,08:09:00,YES,YES,YES,"SC, CH",NA,NA,NA,NA,No
ST031X,2021-12-05,08:00:00,52.6,0,08:08:00,CLD,1.8,1.3,25.31,10.19,2.4,0,73.6,0.04,08:00:00,08:10:00,YES,YES,YES,"SC, CH",NA,NA,NA,NA,No
ST031X,2021-12-05,19:30:00,54.1,0,NA,NIT,1.86,0.83,25.62,11.57,1.9,0.6,67.8,0,NA,NA,YES,YES,YES,"JP, LD",NA,19:40:00,NA,NA,Yes
ST031X,2021-12-06,03:00:00,NA,0,NA,NIT,NA,NA,NA,NA,NA,NA,NA,NA,NA,NA,YES,YES,YES,"TL, SD",NA,NA,NA,NA,Yes
ST031X,2021-12-06,08:00:00,52,0,07:50:00,CLD,1.82,1.33,27.1,10.44,2.2,0,70.7,0.2,07:48:00,07:53:00,YES,YES,YES,"TL, SD",NA,NA,NA,NA,Yes
ST031X,2021-12-06,20:30:00,52.2,0,NA,NIT,1.78,1.14,25.04,11.03,1.9,0,70.3,0,NA,NA,YES,YES,YES,"SC, LD",NA,NA,NA,NA,Yes
ST031X,2021-12-07,02:45:00,NA,0,NA,NIT,1.82,NA,NA,NA,NA,NA,NA,NA,NA,NA,YES,YES,YES,"TL, SD",NA,NA,NA,NA,Yes
ST031X,2021-12-07,05:00:00,NA,0,NA,NIT,1.82,NA,NA,NA,NA,NA,NA,NA,NA,NA,YES,YES,YES,"TL, SD",NA,NA,NA,NA,Yes
ST031X,2021-12-07,09:15:00,53.3,0,09:06:00,CLD,1.82,1.4,25.1,9.93,2.8,0,72.2,0.9,09:03:00,09:09:00,YES,YES,YES,"TL, SD","Backup camera off on arrival - cleared disk and fixed. PIT tag readers off on arrival - low batteries, not able to turn on",NA,09:30:00,NA,Yes
ST031X,2021-12-08,10:30:00,52.1,0,10:24:00,CLD,1.82,1.58,26.3,11.29,2.1,0,72.6,3,10:16:00,10:26:00,YES,YES,YES,"TL, CH",PIT tag readers off - low voltage. Backup camera ok. Lights in VAKI not working.,NA,NA,NA,No
ST031X,2021-12-08,19:15:00,52.5,0,NA,NIT,1.8,2.72,25.27,11.53,2.3,0,73.2,0,NA,NA,YES,YES,YES,"SC, LD",Set trap,19:25:00,NA,NA,Yes
ST031X,2021-12-09,05:00:00,NA,0,NA,RAN,1.8,NA,NA,NA,NA,NA,NA,NA,NA,NA,YES,YES,YES,"TL, ND",NA,NA,NA,NA,Yes
ST031X,2021-12-09,09:30:00,52.6,0,09:30:00,RAN,1.82,1.43,24.9,10.44,2.7,0,70.5,0.1,09:26:00,09:33:00,YES,YES,YES,"TL, ND","Three CHN jumped weir back downstream. PIT tag readers off, backup camera off on arrival - fixed",NA,NA,NA,Yes
ST031X,2021-12-09,20:15:00,52.4,0,NA,NIT,1.84,1.51,25.65,11.37,NA,0,71.6,0,NA,NA,YES,YES,YES,"SC, LD",NA,NA,NA,NA,Yes
ST031X,2021-12-10,04:30:00,NA,0,NA,NIT,1.83,NA,NA,NA,NA,NA,NA,NA,NA,NA,YES,YES,YES,"TL, ND",NA,NA,NA,NA,Yes
ST031X,2021-12-10,07:30:00,50.6,0,07:11:00,CLR,1.86,1.16,25.1,10.15,2.8,0.4,63,0,07:09:00,07:15:00,YES,YES,YES,"TL, ND",PIT tag readers off. Backup camera ok,NA,09:45:00,NA,Yes
ST031X,2021-12-11,08:30:00,47.3,0,08:32:00,CLR,1.82,0.85,26,11.5,2.3,0.1,57.3,2.5,08:31:00,08:33:00,YES,YES,YES,"MI, IH",PIT tag readers off. Backup camera ok,NA,NA,NA,No
ST031X,2021-12-12,09:30:00,48.8,0,09:37:00,CLD,1.84,1.13,26.56/12.02,11.55,2.2,0.1,60.5,1.8/2.5,NA,NA,YES,YES,YES,"MI, IH","VAKI and computer off, not connected on arrival. VAKI reconnected, need to download backup data. Backup camera ok",NA,NA,NA,No
ST031X,2021-12-12,20:00:00,50.4,0,NA,NIT,1.94,3.69,25.41,11.51,NA,NA,68.5,0,NA,NA,YES,YES,YES,"MI, IH",PIT tag readers off. Backup camera and computer ok,20:15:00,NA,NA,Yes
ST031X,2021-12-13,05:00:00,NA,0,NA,NIT,NA,NA,NA,NA,NA,NA,NA,NA,NA,NA,YES,YES,YES,"BS, CH",NA,NA,NA,NA,Yes
ST031X,2021-12-13,08:30:00,50.5,0,08:41:00,RAN,1.92,2.63,25.25/11.82,10.42,2.5,0.6,71.9,0.9/1.3,08:30:00,NA,YES,YES,YES,"BS, CH","Downstream camera down, PIT tag reader down",NA,NA,NA,Yes
ST031X,2021-12-13,21:30:00,51.1,0,NA,RAN,2.2,11.58,25.29/13.37,10.44,NA,NA,83.5,0.0/0.0,NA,NA,YES,YES,YES,"MI, IH",all systems connected,NA,NA,NA,Yes
ST031X,2021-12-14,06:30:00,NA,NA,NA,NIT,NA,NA,NA,NA,NA,NA,NA,NA,NA,NA,YES,YES,YES,"BS, CH",weir spilling over upon arrival,NA,NA,NA,Yes
ST031X,2021-12-14,08:00:00,49.5,NA,07:55:00,CLD,2.54,105,25.32/12.59,11,1.2,0.6,149.6,0.0/0.3,07:52:00,07:56:00,YES,YES,YES,"BS, CH",Water too turbid to see through. Barrels added,NA,10:00:00,NA,Yes
ST031X,2021-12-15,00:30:00,48.3,0,NA,NIT,2.62,45.1,25.48/12.48,11.34,NA,NA,163.5,0,NA,NA,YES,YES,YES,"IH, MI",NA,00:45:00,NA,NA,Yes
ST031X,2021-12-15,07:00:00,48,0,NA,CLD,2.3,53.7,NA,10.57,1.9,NA,155.7,NA,NA,NA,YES,YES,YES,"BS, CH",NA,NA,NA,NA,Yes
ST031X,2021-12-15,08:00:00,48,0,NA,CLR,2.3,53.7,26.17/12.57,10.57,1.9,1,155.7,3.1/1.2/6.5,08:00:00,08:10:00,YES,YES,YES,"BS, CH","No recorded passages - water too turbid. No download, no downstream backup. Backup camera and PIT tag readers ok.",NA,NA,NA,Yes
ST031X,2021-12-15,18:30:00,49.3,0,NA,NIT,2.12,27.8,25.68/12.68,10.7,NA,NA,130.2,0.0/0.0,NA,NA,YES,YES,YES,"IH, MI","PIT tag connected, backup camera connected",NA,NA,NA,Yes
ST031X,2021-12-15,22:15:00,NA,0,NA,NIT,2.08,NA,25.52/12.53,NA,NA,NA,NA,0.0/0.0,NA,NA,YES,YES,YES,"MI, IH",NA,NA,NA,NA,Yes
ST031X,2021-12-16,05:30:00,49.3,NA,NA,NIT,2.37,17.1,NA,10.03,1.5,NA,100.8,NA,05:30:00,05:45:00,YES,YES,YES,"BS, CH",NA,NA,NA,NA,Yes
ST031X,2021-12-16,08:00:00,49.3,NA,08:10:00,RAN,2.37,17.1,"25.3,12.29",10.03,1.5,1.3,100.8,"0.1,0.4",07:58:00,08:12:00,YES,YES,YES,"BS, CH",NA,NA,NA,NA,Yes
ST031X,2021-12-16,10:00:00,49.3,NA,NA,CLD,2.37,17.1,NA,10.03,1.5,NA,100.8,NA,09:55:00,10:10:00,YES,YES,YES,"BS, CH",NA,NA,10:10:00,NA,Yes
ST031X,2021-12-17,08:30:00,49.5,NA,08:39:00,CLD,2.5,7.78,25.37/12.25,10.37,2.3,2.1,85.2,0.9/1.2,08:35:00,08:40:00,YES,YES,YES,"BS, CH",NA,NA,NA,NA,No
ST031X,2021-12-17,13:45:00,50.7,0,NA,CLD,2.46,6.96,29.6,11.47,2.3,2.1,85.7,6.5,NA,NA,YES,YES,YES,"LD, RB",NA,13:53:00,NA,NA,Yes
ST031X,2021-12-17,20:30:00,49.8,0,NA,NIT,2.4,7.47,25.57/12.51,11.08,NA,NA,83.5,0.0/0.0,NA,NA,YES,YES,YES,"IH, MI","PIT tag connected, backup camera connected",NA,NA,NA,Yes
ST031X,2021-12-18,05:15:00,49.1,0,NA,NIT,2.4,6.85,25.22/12.19,10.73,NA,NA,89.5,0.0/0.0,NA,NA,YES,YES,YES,"MI, IH",NA,NA,NA,NA,Yes
ST031X,2021-12-18,10:15:00,49,0,NA,CLD,2.4,5.07,26.40/12.36,10.99,NA,NA,82.3,2.6/1.7,NA,NA,YES,YES,YES,"IH, MI","PIT tag connected, backup camera connected",NA,NA,NA,Yes
ST031X,2021-12-18,21:00:00,50.6,0,NA,NIT,2.36,3.89,25.36/12.11,11.05,NA,NA,73.1,0.0/0.0,NA,NA,YES,YES,YES,"IH, MI","PIT tag connected, backup camera connected",NA,NA,NA,Yes
ST031X,2021-12-19,08:30:00,NA,0,NA,CLD,2.38,NA,25.23/12.04,NA,NA,NA,NA,0.6/0.9,NA,NA,YES,YES,YES,"IH, MI",NA,NA,NA,NA,Yes
ST031X,2021-12-19,21:00:00,49.4,0,NA,NIT,2.36,6.37,25.15/11.93,11.11,NA,NA,79.6,0.0/0.0,NA,NA,YES,YES,YES,"IH, MI","PIT tag connected, backup camera connected",NA,NA,NA,Yes
ST031X,2021-12-20,05:00:00,NA,0,NA,NIT,2.35,NA,25.12/11.9,NA,NA,NA,NA,0.0/0.0,NA,NA,YES,YES,YES,"LD, BS",NA,NA,NA,NA,Yes
ST031X,2021-12-20,08:15:00,50.3,0,08:51:00,CLD,2.34,2.29,25.23,10.54,1.9,1.7,80.3,0.8,08:16:00,08:52:00,YES,YES,YES,"LD, BS",Trap check at 10:00 - no fish in trap,NA,NA,NA,Yes
ST031X,2021-12-20,21:00:00,49.8,0,NA,NIT,2.26,2.94,25.10/11.85,11.02,NA,NA,78.7,0.0/0.0,NA,NA,YES,YES,YES,"MI, IH","PIT tag readers off, backup camera ok",NA,NA,NA,Yes
ST031X,2021-12-21,08:45:00,48.8,0,08:31:00,CLD,1.9,2.6,25.2/11.84,10.61,1.8,0.4,84.8,1.0/1.3,08:11:00,08:33:00,YES,YES,YES,"BS, SD",PIT tag readers off,NA,NA,NA,Yes
ST031X,2021-12-21,21:00:00,49.5,0,NA,NIT,1.86,9.64,25.53/11.96,11.38,NA,NA,83.2,0.0/0.0,NA,NA,YES,YES,YES,"IH, MI",NA,NA,NA,NA,Yes
ST031X,2021-12-22,08:30:00,48.9,0,08:31:00,CLD,1.85,2.32,25.07/11.74,10.76,0.8,0.4,85.8,0.4/0.6,08:10:00,08:34:00,YES,YES,YES,"BS, ND","Backup camera ok, PIT tag reader off, downstream backup off",NA,NA,NA,Yes
ST031X,2021-12-22,20:45:00,49.4,0,NA,NIT,1.88,2.78,25.57/11.93,10.94,NA,NA,87.4,0.0/0.0,NA,NA,YES,YES,YES,"MI, IH",NA,NA,NA,NA,Yes
ST031X,2021-12-23,08:30:00,50.6,0,08:50:00,RAN,1.9,1.88,25.0/11.7,10.27,1.5,0.4,89.8,0.2/0.0,08:24:00,08:45:00,YES,YES,YES,"BS, SD",NA,NA,08:45:00,NA,Yes
ST031X,2021-12-24,08:15:00,51.6,0,08:20:00,CLD,2.88,33,24.98,10.21,1.4,0.8,138.5,1.3,08:12:00,08:21:00,YES,YES,YES,"BS, SD, ND",NA,NA,NA,NA,No
ST031X,2021-12-27,08:45:00,48.7,0,08:57:00,RAN,2.7,22.8,25.27,10.35,3.4,2.5,128.8,0.9,08:50:00,08:59:00,YES,YES,YES,"RB, LD",NA,NA,NA,NA,No
ST031X,2021-12-28,10:10:00,47.9,8,10:00:00,CLD,3.24,27.8,26.5/12.4,10.9,1.2,1.9,137.3,3.7/4.2,10:07:00,10:11:00,YES,NO,YES,"BS, IH",VAKI changing between connected and not connected,NA,NA,NA,No
ST031X,2021-12-28,17:00:00,NA,0,NA,NIT,2.95,NA,NA,NA,NA,NA,NA,NA,NA,NA,YES,YES,YES,"BS, SD",set trap,17:26:00,NA,NA,Yes
ST031X,2021-12-29,08:45:00,48.9,0,08:57:00,RAN,3.57,10.99,25.43,10.81,1.8,1.6,118.1,0.9,08:50:00,08:59:00,YES,YES,YES,"LD, RB",removed trap,NA,08:59:00,NA,Yes
ST031X,2021-12-29,20:30:00,50,0,NA,NIT,3.62,11.54,NA,11.05,NA,NA,97.5,NA,NA,NA,YES,NA,YES,"MI, IH",NA,NA,NA,NA,No
ST031X,2021-12-30,08:15:00,49.9,0,08:35:00,CLD,3.7,9.48,25.39,10.35,2.6,NA,97.8,0.7,08:30:00,08:45:00,YES,YES,YES,"MK, BG",NA,NA,NA,NA,No
ST031X,2021-12-30,18:45:00,51.2,3,NA,NIT,3.7,6.29,NA,10.81,NA,NA,92.8,NA,NA,NA,YES,YES,YES,"MI, IH",NA,NA,NA,NA,No
ST031X,2021-12-31,15:00:00,51.9,0,15:10:00,CLD,3.56,5.96,27.68/12.36,10.71,2.9,3.2,93.6,1.2/2.2,15:06:00,15:11:00,YES,YES,YES,"MI, IH",NA,NA,NA,NA,No
ST031X,2022-01-01,13:00:00,48.8,0,13:34:00,CLR,3.08,3.92,27.45/13.27,11.25,2.4,2.6,101.1,2.5/21.1,13:30:00,13:35:00,YES,YES,YES,"MI, IH",Backup camera ok,NA,NA,NA,No
ST031X,2022-01-02,09:45:00,46.5,0,09:46:00,CLR,2.16,3.74,30.11/12.65,11.09,2,2.2,96.4,10.5/6.2,09:38:00,09:47:00,YES,YES,YES,"IH, MI",NA,NA,NA,NA,No
ST031X,2022-01-02,18:00:00,47.5,0,NA,NIT,2,3.43,25.65/12.26,11.63,NA,NA,99.3,0.0/0.0,NA,NA,YES,YES,YES,"IH, MI",Trap set at 18:40. Backup camera and PIT tag reader connected,18:40:00,NA,NA,Yes
ST031X,2022-01-03,08:15:00,45,0,08:39:00,CLR,2,3.69,25.40/11.97,11.45,1.6,1.8,100.7,1.3/0.7,08:23:00,08:41:00,YES,YES,YES,"MI, ND, SD",Backup camera ok,08:23:00,08:41:00,NA,Yes
ST031X,2022-01-03,19:45:00,47.7,0,NA,NIT,1.9,3.27,NA,11.9,NA,NA,102.2,NA,NA,NA,YES,YES,YES,"JP, SD",NA,NA,NA,NA,Yes
ST031X,2022-01-04,08:10:00,47.3,0,08:23:00,CLD,1.9,3.74,25.33/11.90,11.21,2.7,0.1,103.3,0.7/1.1,08:15:00,08:26:00,YES,YES,YES,"BS, CH",NA,NA,NA,NA,Yes
ST031X,2022-01-04,19:30:00,49.5,0,NA,NIT,1.88,3.26,NA,11.94,NA,NA,95.8,NA,NA,NA,YES,YES,YES,"JP, ND",Pit tag reader down - low on power,NA,NA,NA,Yes
ST031X,2022-01-05,08:00:00,49.4,0,08:12:00,CLR,1.9,3.28,25.78/11.92,10.85,2.7,0.1,97.6,2.7/1.6,08:05:00,08:16:00,YES,YES,YES,"BS, CH",NA,NA,NA,NA,Yes
ST031X,2022-01-05,19:15:00,51.6,0,NA,NIT,1.88,2.62,NA,11.65,NA,NA,93.5,NA,NA,NA,YES,YES,YES,"JP, SD",NA,NA,NA,NA,Yes
ST031X,2022-01-06,08:30:00,51.2,0,NA,CLD,1.9,2.8,25.3/12.06,10.12,2.9,0.1,104.4,0.5/0.8,NA,NA,YES,YES,YES,"BS, CH",No download-no passages,NA,NA,NA,Yes
ST031X,2022-01-07,09:00:00,51.2,0,09:07:00,CLD,1.9,2.88,25.44,10.36,1.9,0.4,93.2,1.1,09:00:00,09:15:00,YES,YES,YES,"EF, JP",NA,NA,NA,NA,Yes
ST031X,2022-01-08,08:00:00,49.7,0,08:10:00,CLD,1.92,2.77,25.77/11.61,10.4,1.8,0.2,94.3,0.3/0.5,08:06:00,08:11:00,YES,YES,YES,"MI, CH",Backup camera and PIT tag reader ok. No fish in trap,NA,NA,NA,Yes
ST031X,2022-01-09,09:00:00,49,0,NA,CLR,1.9,3.03,26.87/12.19,10.5,1.4,0.1,101.3,5.4/2.3/7.4,NA,NA,YES,YES,YES,"CH, MI","Opened trap @ 9:13am, PIT tag reader off",NA,09:13:00,NA,No
ST031X,2022-01-12,08:45:00,47.3,0,08:58:00,CLR,1.92,2.37,26.93/12.32,11.58,1.6,0.2,98.2,4.9/2.2,08:52:00,08:59:00,YES,YES,YES,"MI, IH",Trap set at 9:01am,09:01:00,NA,NA,Yes
ST031X,2022-01-13,08:45:00,48.3,0,08:44:00,CLR,1.9,3.31,25.54/12.08,11.23,1.6,0.2,100.5,1.4/1.1,08:40:00,08:45:00,YES,YES,YES,"IH, MI",NA,NA,NA,NA,Yes
ST031X,2022-01-14,09:15:00,48.4,0,09:22:00,FOG,1.92,2.42,25.74/12.04,11.21,1.6,0.2,99.6,2.0/2.5,09:18:00,09:23:00,YES,YES,YES,"IH, MI",Backup camera and PIT tag reader ok. No fish in trap,NA,NA,NA,Yes
ST031X,2022-01-15,08:00:00,48.3,0,08:06:00,CLD,1.88,2.57,25.26,11.03,1.7,0,98.2,0.4,08:00:00,08:10:00,YES,YES,YES,"LD, JP","Trap is closed and fishing, no fish during trap check.",NA,NA,NA,Yes
ST031X,2022-01-16,08:00:00,48.6,0,08:03:00,CLD,1.88,1.83,25.3,11.19,1.4,0,95.3,0.7,08:00:00,08:05:00,YES,YES,YES,"JP, LD","Only 1 downstream passage, trap is fishing",NA,NA,NA,Yes
ST031X,2022-01-17,09:30:00,49.1,0,09:58:00,CLD,1.87,3.16,27.13/12.36,11.62,0.4,0.1,89.9,4,09:47:00,09:59:00,YES,YES,YES,"BS, ND",No passages recorded - no download,NA,NA,NA,Yes
ST031X,2022-01-18,11:00:00,50.2,0,11:16:00,CLR,1.82,1.83,29.55,12.62,0.8,0.1,91.5,6.7,11:03:00,11:17:00,YES,YES,YES,"ND, SD",Backup camera and PIT tag reader ok. No fish in trap,NA,NA,NA,Yes
ST031X,2022-01-19,10:15:00,49,0,10:28:00,CLR,1.85,2.08,29.74,12.4,1.1,0.1,89.2,11.5,10:22:00,10:29:00,YES,YES,YES,"ND, SD",No fish in trap,NA,NA,NA,Yes
ST031X,2022-01-20,10:30:00,48.3,0,10:39:00,CLR,1.85,2.35,29.7/13.2,12.5,1.6,0.2,90.3,9.1/10.0,10:25:00,10:40:00,YES,YES,YES,"BS, SD",No fish in trap,NA,NA,NA,Yes
ST031X,2022-01-21,10:00:00,48.2,0,10:23:00,CLR,1.87,2.23,29.76,12.46,0.8,0.1,97.8,10.3,10:21:00,10:24:00,YES,YES,YES,"BS, ND",No passages - no download. Sandbags added,NA,NA,NA,Yes
ST031X,2022-01-22,09:00:00,48,0,09:20:00,CLR,1.84,1.74,27.09/12.41,11.66,1.9,0.4,98.7,3.2/2.5,09:10:00,09:30:00,YES,YES,YES,"IH, RV",Backup camera and PIT tag reader ok. Upstream fyke opened one inch. Panel repaired.,NA,NA,NA,Yes
ST031X,2022-01-23,09:00:00,47.5,0,09:27:00,CLD,1.88,2.39,27.1/12.5,12.09,2.4,0.6,97.7,3.1/3.7,09:15:00,09:28:00,YES,YES,YES,"IH, RV",Backup camera and PIT tag reader ok. Boat passage reattached.,NA,NA,NA,Yes
ST031X,2022-01-24,09:15:00,46.8,0,09:28:00,CLR,1.88,1.97,28.18,12.31,1,0.3,96.8,9.7,09:17:00,09:30:00,YES,YES,YES,"LD, BS",No passages.,09:17:00,09:30:00,NA,Yes
ST031X,2022-01-25,09:00:00,46.6,0,09:10:00,FOG,1.82,1.52,26.95/12.44,12.06,0.4,0.2,86.7,3.0/3.2,09:05:00,09:11:00,YES,YES,YES,"MI, BS",No passages - no download,NA,NA,NA,Yes
ST031X,2022-01-26,09:15:00,46.7,0,09:30:00,CLR,1.82,1.8,28.32,12.53,0.8,0.2,96.2,10.2,09:23:00,09:32:00,YES,YES,YES,"LD, BS",No fish in trap,09:23:00,09:32:00,NA,Yes
ST031X,2022-01-27,09:00:00,47.1,0,09:08:00,CLR,1.9,2.16,27.94/12.90,11.67,1.2,0.2,78.9,7.7/2.8,09:06:00,09:10:00,YES,YES,YES,"MI, LD",Backup camera ok. No passages.,NA,NA,NA,Yes
ST031X,2022-01-28,08:15:00,46.5,0,08:37:00,CLR,1.85,3.57,27.67,11.62,1.2,0.4,104.5,3.77,08:30:00,08:39:00,YES,YES,YES,"EF, LD",Trap opened at 8:39am,NA,08:39:00,NA,Yes
ST031X,2022-01-31,10:30:00,47.9,0,10:41:00,CLR,1.92,2.01,29.76,11.59,3.4,NA,83.9,8.2,10:36:00,NA,YES,YES,YES,"JP, LD, RB, RV",Removed downstream livebox and passage panel. Disconnected power from downtream PIT tag antenna,NA,NA,NA,No
ST031X,2022-02-01,08:00:00,49.8,0,NA,CLR,2.5,2.04,28.1,NA,NA,NA,96.2,8.2,NA,NA,NO,YES,YES,"RB, RV",Monitored weir from 0730 to 2000,NA,NA,NA,No
ST031X,2022-02-01,19:00:00,52.5,0,NA,NIT,4.7,4.54,NA,NA,NA,NA,89.2,NA,NA,NA,NO,YES,YES,"RB, RV",NA,NA,NA,NA,No
ST031X,2022-02-02,10:00:00,NA,30,NA,CLR,4.95,NA,29.92,NA,NA,NA,NA,5.8,NA,NA,NO,YES,YES,"RB, LD, RV",NA,NA,NA,NA,No
ST031X,2022-02-02,18:45:00,49.1,20,NA,NIT,5.15,3.19,NA,11.87,NA,NA,89.7,NA,NA,NA,NO,YES,YES,"RB, RV",NA,NA,NA,NA,No
ST031X,2022-02-03,10:00:00,49.2,NA,11:20:00,CLR,5.1,2.81,14.78,11.43,NA,NA,82.2,19.7,NA,NA,NO,YES,YES,"MK, LD","USB not working, downloaded to backup file",NA,NA,NA,No
ST031X,2022-02-04,07:00:00,49.2,4,07:15:00,CLD,5.15,2.36,25.71,NA,NA,NA,94.6,0.1,07:10:00,07:15:00,NO,YES,YES,"RB, LD",NA,NA,NA,NA,No
ST031X,2022-02-05,06:30:00,48.4,0,06:40:00,CLR,5.13,2.27,25.25,11.66,NA,NA,82.2,0,06:35:00,06:41:00,NO,YES,YES,"BS, RV",Cleaned weir at 1000,NA,NA,NA,No
ST031X,2022-02-06,06:45:00,48.4,1,06:47:00,CLR,5.12,1.82,25.25,11.9,NA,NA,91.2,0,06:44:00,06:48:00,NO,YES,YES,"LD, JP",NA,NA,NA,NA,No
ST031X,2022-02-07,11:00:00,NA,6,11:03:00,CLR,5.15,2.79,29.56,NA,NA,NA,NA,5.2,11:00:00,11:03:00,NO,YES,YES,"RB, JP",NA,NA,NA,NA,No
ST031X,2022-02-03,16:00:00,NA,2,NA,CLR,5.1,NA,25.83/12.77,NA,NA,NA,NA,.01/.2,NA,NA,NO,YES,YES,"IH, MI","Finished cleaning weir @ 1700, pit tag, back up camera ok",NA,NA,NA,No
ST031X,2022-02-03,22:00:00,NA,1,NA,NIT,5.1,NA,25.55/12.57,NA,NA,NA,NA,0,NA,NA,NO,YES,YES,"IH, MI","pit tag, backup camera ok",NA,NA,NA,No
ST031X,2022-02-04,16:00:00,NA,0,NA,CLR,5.16,NA,26.49/13.05,NA,NA,NA,NA,.3/1.7,NA,NA,NO,YES,YES,"IH, MI","pit tag, backup camera ok",NA,NA,NA,No
ST031X,2022-02-04,22:00:00,NA,0,NA,NIT,5.16,NA,25.57/12.59,NA,NA,NA,NA,0,NA,NA,NO,YES,YES,"IH, MI","pit tag, backup camera ok",NA,NA,NA,No
ST031X,2022-02-05,16:00:00,NA,0,NA,CLR,5.18,NA,27.19/13.82,NA,NA,NA,NA,2.1/4,NA,NA,NO,NO,YES,"IH, MI","Computer off upon arrival, computer reconnected when powered on. Pit tag/backup camera ok",NA,NA,NA,No
ST031X,2022-02-05,22:00:00,NA,0,NA,NIT,5.2,NA,25.55/12.58,NA,NA,NA,NA,0,NA,NA,NO,YES,YES,"IH, MI",Backup camera and pit tag reader connected,NA,NA,NA,No
ST031X,2022-02-06,14:00:00,NA,0,NA,CLR,5.18,NA,26.92/14.48,NA,NA,NA,NA,1.3/.5,NA,NA,NO,YES,YES,"IH, MI",Backup camera connected,NA,NA,NA,No
ST031X,2022-02-06,22:00:00,NA,0,NA,NIT,5.2,NA,25.58/12.60,NA,NA,NA,NA,0,NA,NA,NO,YES,YES,"IH, MI","Backup camera connected. Pit tag antenna tied to top of passage box, will replace into position when flows permit",NA,NA,NA,No
ST031X,2022-02-07,19:30:00,49.8,2,NA,NIT,5.16,0.86,25.66,11.66,NA,NA,84,0,NA,NA,NO,YES,YES,"LD, MI",NA,NA,NA,NA,No
ST031X,2022-02-08,10:00:00,NA,0,NA,CLR,5.15,1.4,29.01,NA,NA,NA,NA,10.6,NA,NA,NO,YES,YES,"RB, JP","23 UP, 20 DOWN",NA,NA,NA,No
ST031X,2022-02-08,19:30:00,52,0,NA,NIT,5.2,0.76,25.64,11.3,NA,NA,80.2,0,NA,NA,NO,YES,YES,"LD, MI",NA,NA,NA,NA,No
ST031X,2022-02-09,08:45:00,49.8,11,08:50:00,CLR,5.2,1.71,27.4,11.2,NA,NA,91.2,8.1,08:43:00,08:51:00,NO,YES,YES,"BS, RV",NA,NA,NA,NA,No
ST031X,2022-02-09,19:30:00,51.8,0,NA,NIT,5.2,1.32,25.66,11.76,NA,NA,79.3,0,NA,NA,NO,YES,YES,"LD, MI","Backup camera ok, PIT TAG ok",NA,NA,NA,No
ST031X,2022-02-10,07:45:00,50.7,11,07:56:00,CLR,5.3,0.75,25.47,10.98,NA,NA,78.3,1.8,07:45:00,07:57:00,NO,YES,YES,"BS, RV",NA,NA,NA,NA,No
ST031X,2022-02-10,19:30:00,52.5,0,NA,NIT,5.2,0.71,25.67,11.42,NA,NA,78.8,0,NA,NA,NO,YES,YES,"LD, MI",NA,NA,NA,NA,No
ST031X,2022-02-11,08:30:00,50.2,6,08:56:00,CLR,5.2,0.88,27.85,11.24,2.7,NA,80.1,8.1,08:50:00,08:56:00,NO,YES,YES,"RB, RV",NA,NA,NA,NA,No
ST031X,2022-02-12,08:15:00,49.9,0,08:24:00,CLR,3.76,1.3,26.94,11.47,1.9,NA,87.5,3.8,08:20:00,08:25:00,NO,YES,YES,"BS, RV",NA,NA,NA,NA,No
ST031X,2022-02-13,11:30:00,58.5,0,11:43:00,CLR,3.6,0.64,29.21/14.46,11.42,1.8,NA,71.9,4.8/18.2,11:40:00,11:45:00,NO,YES,YES,"IH, RV",Backup camera connected,NA,NA,NA,No
ST031X,2022-02-14,10:00:00,50.9,0,10:05:00,CLD,3.55,2.69,29.48,11.04,2.1,NA,73.3,11.2,10:00:00,10:05:00,NO,YES,YES,"RB, LD",NA,NA,NA,NA,No
ST031X,2022-02-15,08:30:00,50.9,0,08:37:00,CLR,3.6,1.06,27.49/12.7,10.4,2.2,NA,66.4,3.9/1.0,08:28:00,08:38:00,NO,YES,YES,MI/RV,"back up camera OK, PIT tag reader OK",NA,NA,NA,No
ST031X,2022-02-17,08:30:00,48.9,0,08:47:00,CLR,3.6,1.56,28/13.10,11.06,2,NA,78.3,7.2/1.6,08:36:00,08:48:00,NO,YES,YES,MI/RV,NA,NA,NA,NA,No
ST031X,2022-02-18,08:30:00,49.4,0,08:40:00,CLD,3.35,1.86,27.34,11.45,2.3,NA,76,3.6,08:35:00,08:40:00,NO,YES,YES,"RB, RV",NA,NA,NA,NA,No
ST031X,2022-02-19,13:15:00,50.2,0,13:25:00,CLR,3.36,1.64,26.84,11.81,2.3,NA,90.1,1.5,13:20:00,13:25:00,NO,YES,YES,"LD, RB",NA,NA,NA,NA,No
ST031X,2022-02-20,11:00:00,51.2,0,11:22:00,CLD,3.4,2.84,29.56/13.49,12.19,2.6,NA,76.8,4.9/6.4,11:17:00,11:23:00,NO,YES,YES,"IH, MI","back up camera OK, PIT tag reader OK",NA,NA,NA,No
ST031X,2022-02-16,08:30:00,49.4,0,08:29:00,CLR,3.6,1.32,27.50/12.74,10.81,2,NA,74.8,1.2/12.71,08:23:00,08:31:00,NO,YES,YES,"MI, RV","back up camera OK, PIT tag reader OK",NA,NA,NA,No
ST031X,2022-02-21,12:15:00,51.9,0,12:48:00,CLR,3.34,2.44,29.45,12.25,1.3,NA,86.2,4.4,12:25:00,12:48:00,NO,YES,YES,"BS, BC",NA,NA,NA,NA,No
ST031X,2022-02-22,12:15:00,51.3,0,12:56:00,CLD,3.32,1.13,29.01,12.15,2.3,NA,82.8,4,12:48:00,12:56:00,NO,YES,YES,"BS, BC",NA,NA,NA,NA,No
ST031X,2022-02-23,10:00:00,49,0,10:14:00,CLR,3.32,1,29.96,12.03,2.5,NA,81,6.7,10:10:00,10:15:00,NO,YES,YES,"BS, BC",NA,NA,NA,NA,No
ST031X,2022-02-24,10:00:00,48.1,0,10:09:00,CLR,3.32,0.82,29.95/13.98,12.3,2.3,NA,77.9,6.2/10.1,10:00:00,10:10:00,NO,YES,YES,"MI, BC","back up camera OK, PIT tag reader OK",NA,NA,NA,No
ST031X,2022-02-25,07:45:00,47.2,0,07:49:00,CLR,2.52,4.62,25.39,11.22,1.4,NA,82.6,2,07:45:00,07:50:00,NO,YES,YES,"SC, JI, EF",Tuned PIT tag antenna,NA,NA,NA,No
ST031X,2022-02-26,09:00:00,48.3,0,09:00:00,CLR,3.35,3.92,28.25,12.18,2.7,NA,35.5,8.4,08:55:00,09:01:00,NO,YES,YES,"BS, RV",NA,NA,NA,NA,No
ST031X,2022-02-27,09:45:00,50,0,09:47:00,CLR,3.35,2.72,29.75,12.07,2.3,NA,78.1,10.1,09:44:00,09:50:00,NO,YES,YES,"BS, BC",NA,NA,NA,NA,No
ST031X,2022-02-28,08:00:00,50.7,0,08:20:00,CLR,3.3,2.19,27.57/12.78,10.82,2.6,NA,52.9,5.6/1.2,08:10:00,08:21:00,NO,YES,YES,"MI, BC",Backup camera and PIT tag reader OK,NA,NA,NA,No
ST031X,2022-03-02,10:30:00,51.9,0,10:47:00,CLD,3.38,4.26,29.36/14,12.21,2.2,NA,64.4,6.2/13.8,10:42:00,10:48:00,NO,YES,YES,"MI, BS",Backup camera and PIT tag reader OK,NA,NA,NA,No
ST031X,2022-03-04,11:30:00,53.4,0,11:41:00,CLD,3.08,1.04,28.45/13.84,12.41,2.1,NA,65.8,4.6/8.2,11:34:00,11:42:00,NO,YES,YES,"BS, MI",Backup camera and PIT tag reader OK,NA,NA,NA,No
ST031X,2022-03-07,11:15:00,52.7,0,11:31:00,CLR,3.1,2.32,29.55,NA,NA,NA,59.3,3.3,11:25:00,11:32:00,NO,YES,YES,"LD, MI","computer was off upon arrival, vaki still connected",NA,NA,NA,No
ST031X,2022-03-09,11:45:00,54.6,0,11:58:00,CLR,3.12,0.78,29.23/14.5,12.55,2.6,NA,83.3,3.4,11:49:00,12:00:00,NO,YES,YES,"MI, BC",Backup camera and PIT tag reader OK,NA,NA,NA,No
ST031X,2022-03-10,08:45:00,51.9,0,09:23:00,CLR,2.85,1.77,28.7,11.42,NA,NA,64.2,11.8,09:20:00,09:25:00,NO,YES,YES,"JP, GJ",replaced 5mph buoy downstream of weir,NA,NA,NA,No
ST031X,2022-03-11,11:00:00,52,0,NA,CLR,2.66,NA,NA,12.47,NA,NA,65.7,NA,NA,NA,NO,NA,YES,"BS, BC","set trap, flow meter not working",11:15:00,NA,NA,Yes
ST031X,2022-03-12,08:30:00,51.2,0,NA,CLR,2.65,1.38,NA,10.92,2.4,NA,64.1,NA,NA,NA,NO,NA,YES,"MI, RV",NA,NA,NA,NA,Yes
ST031X,2022-03-13,12:00:00,55.4,0,13:04:00,CLR,2.6,0.7,29.21/14.48,12.56,2.3,NA,80.9,5.3/22.8,12:50:00,13:05:00,NO,YES,YES,"IH, RV","Backup camera and PIT tag reader OK, white sturgeon seen above weir",NA,NA,NA,Yes
ST031X,2022-03-14,08:15:00,52.9,0,08:48:00,CLR,2.58,1.74,12.79,9.88,1.4,NA,75.7,1.5,08:38:00,08:50:00,NO,YES,YES,"ND, SD",Backup camera and PIT tag reader OK,NA,NA,NA,Yes
ST031X,2022-03-15,08:30:00,54.4,0,08:42:00,RAN,2.36,NA,25.28/12.53,9.88,0.3,NA,65,.2/.6,08:30:00,08:45:00,NO,YES,YES,"IH, LD",Backup camera and PIT tag reader OK,NA,NA,NA,Yes
ST031X,2022-03-16,08:45:00,53.1,0,08:53:00,CLD,2.3,1.07,1.9,10.37,2.1,NA,58.9,26.18,08:48:00,08:54:00,NO,YES,YES,"LD, CH",NA,NA,NA,NA,Yes
ST031X,2022-03-17,08:00:00,54.5,0,07:55:00,CLR,2.1,1.24,12.79,9.31,2.2,NA,65.5,1.4,07:48:00,07:56:00,NO,YES,YES,"SD, BC",green button on computer is stuck,NA,NA,NA,Yes
ST031X,2022-03-18,07:45:00,54.3,0,07:56:00,CLR,NA,1.17,25.34,9.26,2.4,NA,63.7,0.5,07:45:00,07:56:00,NO,YES,YES,"BS, BC",NA,NA,NA,NA,Yes
ST031X,2022-03-19,08:15:00,55.2,0,08:07:00,CLD,2.08,2.73,25.48/12.57,9.66,2.2,NA,60.3,0.7/1.1,07:58:00,08:10:00,NO,YES,YES,"CH, BC","Backup camera ok, attached red boat light",NA,NA,NA,Yes
ST031X,2022-03-20,07:45:00,52.5,0,07:43:00,CLR,2.1,0.94,12.47,9.52,1,NA,67.8,0.6,07:35:00,07:44:00,NO,YES,YES,"ND, SD",NA,NA,NA,NA,Yes
ST031X,2022-03-21,09:00:00,55.6,0,NA,CLR,2.08,2.85,NA,NA,2.1,NA,49.1,NA,NA,NA,NO,NA,YES,"TL, SD",No download - locked out of box. No D.O. meter,NA,NA,NA,Yes
ST031X,2022-03-22,08:45:00,56.7,0,08:45:00,CLR,2.09,1.38,12.84,NA,2.3,NA,51.8,3.4,08:43:00,08:48:00,NO,YES,YES,"TL, SD","No D.O. meter. Square post poking through weir RL. Lowered bulk heads, secured front boat passage and rail cover",NA,NA,NA,Yes
ST031X,2022-03-23,09:45:00,57.2,0,09:47:00,CLR,2.09,0.58,13.4,10.05,1.4,NA,70.5,9.8,09:43:00,09:48:00,NO,YES,YES,"TL, SD",back up camera OK,NA,NA,NA,Yes
ST031X,2022-03-24,09:45:00,57.8,0,09:39:00,CLR,2.08,1.3,27.58/13.39,9.83,NA,NA,68.3,7.7/2.6/8.5,09:32:00,09:39:00,NO,YES,YES,"SD, CH",NA,NA,NA,NA,Yes
ST031X,2022-03-25,09:45:00,58.2,0,09:51:00,CLR,1.98,1.62,27.89,9.81,2.5,NA,67.6,9.6,09:39:00,09:58:00,NO,YES,YES,"BS, ND",Removed the boat passage barrels,NA,NA,NA,Yes
ST031X,2022-03-26,11:15:00,59.6,0,11:06:00,CLR,2.1,0.93,13.8,10.9,1.4,NA,62.5,12.2,10:58:00,11:17:00,NO,YES,YES,"ND, BC",NA,NA,NA,NA,Yes
ST031X,2022-03-27,10:30:00,58.5,0,10:30:00,CLR,2.14,1.25,25.37/28.39,10.22,2,NA,135.6,11.8/8.4/13.6,10:22:00,10:31:00,NO,YES,YES,"JP, SD",NA,NA,NA,NA,Yes
ST031X,2022-03-28,09:00:00,57.3,0,09:11:00,RAN,2.15,0.8,26.3,9.09,NA,NA,134.6,2.5,09:00:00,09:15:00,NO,YES,YES,"BS, BC",No fish in trap,NA,NA,NA,Yes
ST031X,2022-03-29,11:00:00,56.2,0,11:19:00,CLR,2.14,0.57,29.48,11.4,1.5,NA,NA,6.8,11:12:00,11:19:00,NO,YES,YES,"BS, ND",conductivity meter not working,NA,NA,NA,Yes
ST031X,2022-03-30,11:15:00,56.6,0,11:28:00,CLD,2.11,0.74,29.6,11.47,2.1,NA,NA,6.3,11:23:00,11:29:00,NO,YES,YES,"BS, MI","Conductivity meter not working, no fish in trap",NA,NA,NA,Yes
ST031X,2022-03-31,09:00:00,55,0,09:11:00,CLD,2.13,0.41,27.15,10.4,1.6,NA,68.2,3.8,09:08:00,09:12:00,NO,YES,YES,"BS, ND",NA,NA,NA,NA,Yes
ST031X,2022-04-01,09:45:00,56.1,0,09:57:00,CLR,2.13,0.89,28.16,10.6,2.7,NA,76,9.6,09:50:00,09:58:00,NO,YES,YES,"BS, RV",NA,NA,NA,NA,Yes
ST031X,2022-04-02,11:15:00,58,0,11:33:00,CLR,2.16,2.37,30.2,11.56,2.1,NA,66.9,10,11:22:00,11:34:00,NO,YES,YES,"LD, RV",NA,NA,NA,NA,Yes
ST031X,2022-04-03,10:30:00,57.9,0,10:35:00,CLR,2.12,0.91,29.41,10.74,2.4,NA,64.4,10.5,10:30:00,10:35:00,NO,YES,YES,"BS, MI",NA,NA,NA,NA,Yes
ST031X,2022-04-04,09:00:00,56.8,0,08:56:00,CLD,2.13,1.81,12.72,9.71,1.9,NA,73.3,3,08:52:00,08:59:00,NO,YES,YES,"IH, ND","no flashdrive, saved file to backup folder",NA,NA,NA,Yes
ST031X,2022-04-05,09:00:00,56.8,0,08:54:00,CLR,2.05,2.68,27.26,9.78,1.6,NA,71.6,4.8,08:44:00,08:59:00,NO,YES,YES,"ND, SD",NA,NA,13:30:00,NA,No
ST031X,2022-04-08,13:00:00,64.5,0,13:03:00,CLR,1.92,1.99,28.8,11.93,2.5,NA,72.5,4.7,12:50:00,13:05:00,NO,YES,YES,"ND, SD",NA,NA,NA,NA,No
ST031X,2022-04-11,10:15:00,NA,0,10:16:00,CLD,1.88,2.29,13.24,NA,2.7,NA,NA,3.4,10:04:00,10:18:00,NO,YES,YES,"SD, BC",no meters,NA,NA,NA,No
ST031X,2022-04-12,09:30:00,NA,0,NA,CLR,1.9,NA,NA,NA,NA,NA,NA,NA,NA,NA,NO,NA,YES,"BS, ND",No download- missing key for center lock on box,09:45:00,NA,NA,Yes
ST031X,2022-04-13,08:00:00,54.7,0,08:30:00,CLR,1.82,6.15,26.72,10.68,1.3,0.6,62.6,2.4,08:15:00,08:32:00,NO,YES,YES,"LD, IH",Backup camera and PIT tag reader connected,NA,NA,NA,Yes
ST031X,2022-04-14,08:30:00,57.2,0,08:32:00,CLD,1.88,1.95,27.04,9.42,NA,NA,47.9,3.4,08:30:00,08:32:00,NO,YES,YES,"GJ, BS",No fish in trap,NA,NA,NA,Yes
ST031X,2022-04-15,08:30:00,57.4,0,08:33:00,CLR,1.9,1.96,26.67,9.84,NA,NA,66,4.1,08:25:00,08:32:00,NO,YES,YES,"JP, EF",NA,NA,NA,NA,Yes
ST031X,2022-04-16,09:30:00,59.7,0,09:31:00,CLD,1.9,2.29,28,9.47,2.2,NA,72.5,12.9,09:26:00,09:32:00,NO,YES,YES,"ND, SD",NA,NA,NA,NA,Yes
ST031X,2022-04-17,10:00:00,59.1,0,09:57:00,CLR,1.89,1.7,28.6,10.12,2.7,NA,74.5,10.6,09:53:00,09:58:00,NO,YES,YES,"ND, SD",NA,NA,NA,NA,Yes
ST031X,2022-04-18,11:30:00,60.8,0,11:29:00,CLR,1.9,1.38,29.4,10.93,1.8,NA,67,5.8,11:23:00,11:30:00,NO,YES,YES,"BS, ND",installed additional barrels,NA,NA,NA,Yes
ST031X,2022-04-19,10:00:00,59.2,0,10:14:00,CLD,2.1,3.6,27.9,9.45,NA,NA,60.9,3.1,10:08:00,10:30:00,NO,YES,YES,"BS, BC",NA,NA,10:35:00,NA,Yes
ST031X,2022-04-20,11:00:00,56.7,0,11:24:00,CLR,2.52,2.56,14.51,10.66,NA,NA,60,1.4,11:15:00,11:28:00,NO,YES,YES,"PC, RF",no flow meter,NA,NA,NA,No
ST031X,2022-04-20,20:30:00,58.8,0,NA,NIT,2.76,4.52,25.85,11.43,NA,NA,67.1,0,NA,NA,NO,YES,YES,"LD, BC",NA,NA,NA,NA,No
ST031X,2022-04-21,03:30:00,NA,0,NA,NIT,3,NA,NA,NA,NA,NA,NA,NA,NA,NA,NO,YES,YES,"LD, BC",NA,NA,NA,NA,No
ST031X,2022-04-21,10:30:00,56.6,0,NA,CLD,3.04,4.26,NA,10.22,NA,NA,60.6,NA,NA,NA,NO,YES,YES,"MI, IH",Green sturgeon washed up on weir - moved manually downstream,NA,NA,NA,No
ST031X,2022-04-21,17:00:00,NA,0,17:29:00,CLD,3.16,NA,29.47/14.68,NA,NA,NA,NA,4.5/19.2,17:19:00,17:30:00,NO,YES,YES,"IH, MI",Backup camera and PIT tag reader connected,NA,NA,NA,No
ST031X,2022-04-21,20:00:00,56,0,NA,NIT,3.38,2.23,25.84,11.09,NA,NA,61.5,NA,NA,NA,NO,YES,YES,"LD, BC",NA,NA,NA,NA,No
ST031X,2022-04-22,09:30:00,53.9,1,09:45:00,CLD,3.7,2.46,28.14,10.26,2.5,NA,59.4,4.7,09:40:00,09:50:00,NO,YES,YES,"MK, BG",barrel off by boat passage,NA,NA,NA,No
ST031X,2022-04-22,15:00:00,NA,0,NA,CLD,NA,NA,NA,NA,NA,NA,NA,NA,NA,NA,NO,YES,YES,"JP, MK",cleaned weir and reinstalled missing barrel,NA,NA,NA,No
ST031X,2022-04-22,19:30:00,56.1,0,NA,NIT,4.16,NA,12.84/25.81,10.82,NA,NA,61.4,0,NA,NA,NO,YES,YES,"LD, IH",NA,NA,NA,NA,No
ST031X,2022-04-23,07:30:00,53.3,0,07:36:00,CLR,4.38,3.9,25.61,10.44,3.6,NA,58.3,0.9,07:31:00,07:36:00,NO,YES,YES,"LD, IH",NA,NA,NA,NA,No
ST031X,2022-04-23,19:00:00,56.3,0,NA,CLD,4.26,2.9,12.97/26.01,11.72,3.6,NA,65.7,1.0/0.1,NA,NA,NO,YES,YES,"LD, IH",Backup camera and PIT tag reader connected,NA,NA,NA,No
ST031X,2022-04-24,08:45:00,54.6,0,08:53:00,CLR,3.81,1.93,27.54,10.51,2.3,NA,63.8,1.8,08:42:00,08:55:00,NO,YES,YES,"SC, BS",Upstream no wake. Bouy floated onto weir - removed,NA,NA,NA,No
ST031X,2022-04-24,19:30:00,58.2,0,NA,NIT,3.64,1.62,13.00/26.06,11.21,2.9,NA,68.6,1.2/0.2,NA,NA,NO,YES,YES,"LD, IH",Backup camera and PIT tag reader connected,NA,NA,NA,No
ST031X,2022-04-25,12:15:00,57.8,0,12:11:00,CLR,3.18,1.52,29.18,11.05,2.3,NA,71.5,4.4,12:04:00,12:13:00,NO,YES,YES,"BS, ND",downstream fyke installed,NA,NA,NA,No
ST031X,2022-04-26,10:45:00,59.1,0,11:00:00,CLD,2.54,2.35,29.31,10.33,2.9,2.5,70.8,9.4,10:54:00,11:02:00,NO,YES,YES,"LD, BS",NA,NA,NA,NA,No
ST031X,2022-04-27,10:15:00,57.4,0,10:16:00,CLD,2.6,2.3,29.5,10.44,3.2,2.7,65.2,10.5,10:12:00,10:18:00,NO,YES,YES,"LD, SD",NA,NA,NA,NA,No
ST031X,2022-04-28,09:00:00,55.7,0,09:06:00,CLR,2.8,1.77,27.81,10.4,2.8,2.7,67.1,3.1,09:00:00,09:07:00,NO,YES,YES,"LD, SD",NA,NA,NA,NA,No
ST031X,2022-04-29,09:15:00,54.9,0,09:20:00,CLR,3.3,3.11,27.99,10.68,2.9,2.7,68.1,8,09:14:00,09:22:00,NO,YES,YES,"LD, BS",NA,NA,NA,NA,No
ST031X,2022-04-29,20:00:00,57.9,0,NA,NIT,3.54,2.8,25.89,11.51,2.9,NA,61.9,0,NA,NA,NO,YES,YES,"LD, BS",NA,NA,NA,NA,No
ST031X,2022-04-30,09:00:00,55,0,NA,CLR,3.8,3.14,27.77,10.71,1.4,NA,66.6,4.2,09:12:00,10:15:00,NO,YES,YES,"BS, BC",vaki won't connect- trouble with camera. Backup camera and PIT tag reader ok. Camera replaced,NA,NA,NA,No
ST031X,2022-05-01,08:45:00,55.7,0,08:42:00,CLR,3.32,2.09,27.28,10.31,2.1,NA,64.4,4.4,08:39:00,08:44:00,NO,YES,YES,"BS, ND",NA,NA,NA,NA,No
ST031X,2022-05-02,11:00:00,57.8,0,11:12:00,CLR,2.95,1.97,29.33,10.91,2.5,NA,67.8,5.9,11:05:00,11:55:00,NO,YES,YES,"BS, ND",NA,NA,NA,NA,No
ST031X,2022-05-03,11:30:00,58.7,0,11:41:00,CLR,2.55,1.7,29.25,11.14,2.5,NA,69.1,4.8,11:37:00,11:43:00,NO,YES,YES,"BS, ND",NA,NA,NA,NA,No
ST031X,2022-05-04,11:15:00,59.6,0,11:20:00,CLR,2.52,1.89,29.18,11.07,2.4,NA,68.7,5.8,11:10:00,11:22:00,NO,YES,YES,"BS, ND",NA,NA,NA,NA,No
ST031X,2022-05-05,12:00:00,59.3,0,11:55:00,CLR,3.08,1.33,14.71,11.37,2.3,2.5,69.5,10.5,11:51:00,11:56:00,NO,YES,YES,"BS, SD",NA,NA,NA,NA,No
ST031X,2022-05-05,20:30:00,59.5,0,NA,NIT,4.32,2.36,25.87,11.93,NA,NA,NA,NA,NA,NA,NA,NA,NA,NA,NA,NA,NA,NA,No
ST031X,2022-05-06,10:45:00,57.2,0,10:47:00,CLD,2.79,1.6,9.1,10.9,1.9,NA,65.8,13.6,10:41:00,10:52:00,NO,NA,YES,"BS, TL",Back up camera was off on arrival. Turn on and cleaned,NA,NA,NA,No
ST031X,2022-05-06,20:00:00,59.4,0,NA,NIT,3.1,3.55,25.88/12.86,11.36,NA,NA,48.7,0,NA,NA,NO,YES,YES,"BS, IH",NA,NA,NA,NA,No
ST031X,2022-05-07,10:30:00,56.3,10,10:40:00,CLR,4.44,3.77,29.63,10.64,3.8,3.6,66.2,8.7,10:33:00,10:43:00,NO,YES,YES,"LD, RB",NA,NA,NA,NA,No
ST031X,2022-05-07,07:30:00,58.2,2,NA,NIT,4.18,1.82,25.88,11.22,NA,NA,64.9,0,NA,NA,NO,YES,YES,"LD, RB",NA,NA,NA,NA,No
ST031X,2022-05-08,09:00:00,55.2,0,09:10:00,CLR,3.84,3.12,27.92,10.57,2.5,NA,61.9,7.3,09:05:00,09:11:00,NO,YES,YES,"MI, ND",NA,NA,NA,NA,No
ST031X,2022-05-09,11:30:00,55.3,1,11:27:00,CLR,3.28,1.55,10.3,11.35,1.9,NA,68.6,14.7,11:26:00,11:30:00,NO,YES,YES,"TL, BS",Backup camera & pit tag reader ok. Bulkheads need to be lowered and reattached,NA,NA,NA,No
ST031X,2022-05-10,12:00:00,55.8,0,12:00:00,CLD,2.6,3.05,29.49,11.61,2.6,2.5,77.7,4.3,11:55:00,12:01:00,NO,YES,YES,"LD, BS",NA,NA,NA,NA,No
ST031X,2022-05-11,12:00:00,57.4,0,12:18:00,CLR,2.56,4.6,29.39,11.28,2.8,NA,73.6,4,12:14:00,12:18:00,NO,YES,YES,"LD, BS",NA,NA,NA,NA,No
ST031X,2022-05-12,11:00:00,56.4,0,10:57:00,CLD,2.92,2.18,29.44,11.39,2.1,NA,82.7,5.3,10:50:00,10:59:00,NO,YES,YES,"LD, BS",NA,NA,NA,NA,No
ST031X,2022-05-13,13:00:00,58.2,0,13:32:00,CLR,3.46,6.91,14.4/29.03,11.84,3.3,NA,98.3,13.5/3.6,13:03:00,13:35:00,NO,YES,YES,"IH, BS",Backup camera & pit tag reader ok.,NA,NA,NA,No
ST031X,2022-05-16,10:30:00,61.6,0,10:50:00,CLR,NA,3.76,29.21/14.07,10.37,1.3,NA,79.8,9.2/11.9,10:45:00,10:52:00,NO,YES,YES,"BS, IH",NA,NA,NA,NA,No
ST031X,2022-05-18,13:00:00,65.4,0,13:28:00,CLR,2.54,8.32,4.4/28.79,11.53,2.1,NA,114.2,0.0/14.4,13:18:00,13:30:00,NO,YES,YES,"BS, IH",NA,NA,NA,NA,No
ST031X,2022-05-20,10:30:00,61.2,0,10:40:00,CLR,2.54,2.67,29.21/13.99,10.01,2.4,NA,68.6,9.9/12.7,10:35:00,10:43:00,NO,YES,YES,"IH, BS",NA,NA,NA,NA,No
ST031X,2022-05-23,07:30:00,60.1,0,07:30:00,CLR,2.6,2.25,25.6/12.74,9.31,NA,NA,74.1,1.2,NA,NA,NO,YES,YES,"GJ, RB, LD, BS, IH, MI",Weir removed,NA,NA,NA,No
