Sample Date,Sample Time,Water Temperature,# of Submerged Panels,Reset/Restart Comp,Weather,Stream Gauge,Turbidity,Battery Voltage,Dissolved Oxygen,Velocity Upstream,Velocity Downstream,Conductivity,Solar Voltage,Fyke Closed,Fyke Open,Downstream Livebox Installed (Y/N),Vaki (Y/N),Barrels (Y/N),Comments1,Trap Closed,Trap Open,Trapping
2022-09-16T00:00:00Z,1899-12-31T09:45:00Z,64.7,0,10:02:00 AM,CLR,NA,3.35,28.75/13.55,8.57,2.5,0.4,58.4,14.1/12.4,NA,NA,YES,NA,NO,NA,NA,NA,NO
2022-09-15T00:00:00Z,1899-12-31T12:00:00Z,NA,NA,3:00:00 PM,CLR,NA,NA,NA,NA,NA,NA,NA,n/a,NA,NA,YES,YES,NO,"weir install, vaki install; started vaki @ ~15:00",NA,NA,NO
2022-09-19T00:00:00Z,1899-12-31T08:30:00Z,63.7,0,8:45:00 AM,CLD,1.72,2.54,26.50/12.47,8.54,3,0.4,66.6,4.4/4.5,8:40:00 AM,8:46:00 AM,YES,YES,NO,NA,NA,NA,NO
2022-09-21T00:00:00Z,1899-12-31T08:15:00Z,64.8,0,8:43:00 AM,CLD,1.68,3.52,26.72,7.94,3.4,0.2,61.6,0.8,NA,NA,YES,YES,NO,reset time on the computer,NA,NA,NO
2022-09-23T00:00:00Z,1899-12-31T09:00:00Z,64.3,0,9:05:00 AM,CLR,1.54,1.31,27.09,8.13,3.6,0.2,66.8,9.3,9:00:00 AM,9:07:00 AM,YES,YES,NO,"changed red boat passage light, added clamps to bulkhead",NA,NA,NO
2022-09-26T00:00:00Z,1899-12-31T08:45:00Z,66.5,0,8:30:00 AM,CLR,1.58,1.78,26.36,7.82,2.6,0.5,65,2.3/5.2,NA,NA,YES,YES,NO,no fyke board,NA,NA,NO
2022-09-28T00:00:00Z,1899-12-31T08:45:00Z,65.5,0,8:35:00 AM,CLR,1.58,2.47,25.58/12.56,8.05,2.7,0.5,62.6,5.6/1.9,8:30:00 AM,8:37:00 AM,YES,NO,NO,"backup camera not working. vaki wasn't connected on arrival, don't think it was connected for most of yesterday",NA,NA,NO
2022-09-30T00:00:00Z,1899-12-31T08:30:00Z,65,0,8:25:00 AM,CLR,1.6,2.09,12.50/26.15,8.17,2.5,0.4,63,4.6/3.1,8:20:00 AM,8:26:00 AM,YES,YES,NO,vaki camera and backup camera removed for repair,NA,NA,NO
2022-10-01T00:00:00Z,1899-12-31T08:30:00Z,64.5,0,8:15:00 AM,CLR,1.58,1.93,12.60/25.35,8.05,2.1,0.3,63.2,3.2/3.6,8:10:00 AM,8:17:00 AM,YES,YES,NO,vaki camera looks too close/zoomed in. backup camera still not operating,NA,NA,NO
2022-10-02T00:00:00Z,1899-12-31T08:15:00Z,64.4,0,8:28:00 AM,CLR,1.59,2.92,26.29,8.23,3,0,65.5,0.8,8:21:00 AM,8:30:00 AM,YES,YES,NO,"pit tag ok, back up camera not connecting",NA,NA,NO
2022-10-03T00:00:00Z,1899-12-31T09:00:00Z,64.3,0,9:13:00 AM,CLR,1.61,3.05,27.3,8.49,NA,NA,64.1,9.6,9:00:00 AM,NA,YES,YES,NO,"flow meter not working, camera repositioned @ 9am, pit tag reader ok, back up camera not working",NA,NA,NO
2022-10-04T00:00:00Z,1899-12-31T09:00:00Z,64.5,0,9:12:00 AM,CLR,1.57,1.49,27.27,8.58,3.1,0.5,65.4,0.1,9:10:00 AM,9:15:00 AM,YES,YES,NO,pit tag reader ok,NA,NA,NO
2022-10-05T00:00:00Z,1899-12-31T08:30:00Z,64.3,0,8:40:00 AM,CLR,1.61,1.61,26.87,8.28,2.9,0.9,64.2,5.9,8:36:00 AM,9:05:00 AM,YES,YES,NO,"pit tag reader ok, back up camera not connected",NA,NA,NO
2022-10-05T00:00:00Z,1899-12-31T11:45:00Z,NA,NA,NA,CLR,NA,NA,NA,NA,NA,NA,NA,n/a,NA,NA,YES,NA,NO,installed upstream fyke in the live box @ 11:45,NA,NA,NO
2022-10-06T00:00:00Z,1899-12-31T08:45:00Z,64.6,0,8:46:00 AM,CLR,1.71,1.16,27,8.35,1.3,0.5,61.5,6.3,8:43:00 AM,9:15:00 AM,YES,YES,NO,"pit tag reader ok, back up camera ok",NA,NA,NO
2022-10-07T00:00:00Z,1899-12-31T08:30:00Z,64.4,0,8:36:00 AM,CLR,1.71,1.27,26.67,8.39,1.8,0.9,60.4,0.2,8:33:00 AM,8:38:00 AM,YES,YES,NO,"pit tag reader ok, back up camera ok",NA,NA,NO
2022-10-08T00:00:00Z,1899-12-31T08:30:00Z,64.4,0,8:43:00 AM,CLR,1.7,1.33,26.98/12.27,8.6,2.8,0.4,59.3,5.5/1.,8:34:00 AM,8:44:00 AM,YES,YES,NO,pit tag reader ok,NA,NA,NO
2022-10-09T00:00:00Z,1899-12-31T08:00:00Z,63.8,0,8:12:00 AM,CLR,1.7,1.49,25.28/12.23,8.44,2.8,0.2,59.3,2.0/0.8,8:06:00 AM,8:13:00 AM,YES,YES,NO,"pit tag reader ok, back up camera ok",NA,NA,NO
2022-10-10T00:00:00Z,1899-12-31T08:30:00Z,63.6,0,8:30:00 AM,CLR,1.72,1.77,12.24/26.50,8.52,2.1,0.5,57.7,1.9/4.4,8:26:00 AM,8:31:00 AM,YES,YES,NO,back up camera ok,NA,NA,NO
2022-10-11T00:00:00Z,1899-12-31T08:30:00Z,63.1,0,8:39:00 AM,CLR,1.7,1.04,26.9,8.61,2.9,0.9,60.3,0.3,8:33:00 AM,8:43:00 AM,YES,YES,NO,"pit tag reader ok, back up camera ok",NA,NA,NO
2022-10-12T00:00:00Z,1899-12-31T09:45:00Z,63,0,9:47:00 AM,CLR,1.74,1.52,28.28,9.19,2.8,0.2,55.4,12.8,9:43:00 AM,9:50:00 AM,YES,YES,NO,installed barrels,NA,NA,NO
2022-10-12T00:00:00Z,1899-12-31T11:30:00Z,NA,NA,NA,NA,NA,NA,NA,NA,NA,NA,NA,n/a,NA,NA,NA,NA,NA,installed fyke @ 11:30,NA,NA,NO
2022-10-12T00:00:00Z,1899-12-31T20:30:00Z,NA,NA,NA,NIT,NA,NA,NA,NA,NA,NA,NA,n/a,NA,NA,YES,NA,YES,weir cleaned at 2045,NA,NA,NO
2022-10-13T00:00:00Z,1899-12-31T09:00:00Z,61.1,8,9:10:00 AM,CLR,2.52,2.29,27.21,9.13,2.1,NA,68.4,0.2,9:00:00 AM,9:15:00 AM,NO,YES,YES,remove fyke inside of livebox and removed bars on the south side of the trapping box,NA,NA,NO
2022-10-13T00:00:00Z,1899-12-31T19:00:00Z,62.4,0,NA,NIT,3.12,6.35,NA,9.96,3.3,NA,66.1,n/a,NA,NA,NO,YES,YES,NA,NA,NA,NO
2022-10-13T00:00:00Z,1899-12-31T23:30:00Z,NA,0,NA,NIT,3.22,NA,25.32/12.17,NA,NA,NA,NA,n/a,NA,NA,NO,NO,YES,"vaki disconnected at 23:24pm, would not reconnect.",NA,NA,NO
2022-10-14T00:00:00Z,1899-12-31T10:30:00Z,60.1,10,10:35:00 AM,CLR,3.34,2.29,29.22,9.6,1.7,NA,68.3,9.6,10:31:00 AM,10:40:00 AM,NO,YES,YES,"vaki reconnected around 09:30am, no backup footage saved.",NA,NA,NO
2022-10-14T00:00:00Z,1899-12-31T15:30:00Z,NA,5,NA,CLR,3.74,NA,26.49,9.2,NA,NA,NA,n/a,NA,NA,NA,NA,NA,NA,NA,NA,NO
2022-10-14T00:00:00Z,1899-12-31T18:30:00Z,NA,29,NA,NIT,4,NA,NA,NA,NA,NA,NA,n/a,NA,NA,NO,YES,YES,"large amounts of elodea floating down river, cleaned weir every 2 hrs until 0630",NA,NA,NO
2022-10-15T00:00:00Z,1899-12-31T09:30:00Z,59.3,5,9:40:00 AM,CLR,4.4,1.87,27.93,9.52,2.1,NA,63.1,n/a,9:35:00 AM,9:45:00 AM,NO,YES,YES,"cleaned weir at @ 11am, stream guage 4.42",NA,NA,NO
2022-10-15T00:00:00Z,1899-12-31T19:00:00Z,NA,18,NA,NIT,4.4,NA,25.45/12.32,NA,NA,NA,NA,0,NA,NA,NO,YES,YES,cleaned weir every two hrs unitl 0600,NA,NA,NO
2022-10-16T00:00:00Z,1899-12-31T09:30:00Z,59.4,0,9:34:00 AM,CLD,4.42,4.59,27.07,9.57,1.7,NA,61.2,0.1,9:28:00 AM,9:40:00 AM,NO,YES,YES,NA,NA,NA,NO
2022-10-16T00:00:00Z,1899-12-31T18:00:00Z,59.5,0,NA,NIT,4,2.83,25.25/11.97,9.75,1.9,NA,52.5,n/a,NA,NA,NO,YES,YES,cleaned weir every 3  hrs unitl 0600,NA,NA,NO
2022-10-17T00:00:00Z,1899-12-31T08:30:00Z,58.8,0,8:40:00 AM,CLR,3.56,1.85,25.97/12.01,9.73,1.9,NA,62.4,0.1,8:30:00 AM,8:35:00 AM,NO,YES,YES,replaced hard drive,NA,NA,NO
2022-10-17T00:00:00Z,1899-12-31T19:00:00Z,61.7,0,NA,NIT,2.78,2.53,25.50/12.25,10.09,NA,NA,61.5,n/a,NA,NA,NO,YES,YES,NA,NA,NA,NO
2022-10-18T00:00:00Z,1899-12-31T08:45:00Z,59.6,0,9:03:00 AM,CLD,2.35,3.21,25.39,9.29,2.5,1.5,62.9,1.6/1.8,8:43:00 AM,9:05:00 AM,NO,YES,YES,"backup camera ok, pit tag reader ok. side of passage open. stream gauge @ 3.41.",NA,NA,NO
2022-10-19T00:00:00Z,1899-12-31T08:45:00Z,60.1,0,8:54:00 AM,CLR,2.17,2.89,26.68,9.48,3.3,2.3,67.6,3.9/1.7,8:48:00 AM,8:56:00 AM,NO,YES,YES,"backup camera not plugged in on arrival, connected at 9am, pit tag reader ok",NA,NA,NO
2022-10-18T00:00:00Z,1899-12-31T16:00:00Z,NA,NA,NA,CLD,NA,NA,NA,NA,NA,NA,NA,n/a,NA,NA,NO,YES,YES,cleaned weir,NA,NA,NO
2022-10-19T00:00:00Z,1899-12-31T19:15:00Z,63.8,0,NA,NIT,2.64,4.05,25.46/12.17,9.95,NA,NA,66.2,n/a,NA,NA,NO,YES,YES,NA,NA,NA,NO
2022-10-19T00:00:00Z,1899-12-31T13:30:00Z,NA,NA,NA,CLR,2.2,NA,NA,NA,NA,NA,NA,n/a,NA,NA,NO,YES,YES,cleaned weir,NA,NA,NO
2022-10-20T00:00:00Z,1899-12-31T08:45:00Z,60.1,0,8:52:00 AM,CLR,2.98,3.04,26.67,9.61,2.3,NA,67.5,3.6,8:47:00 AM,8:55:00 AM,NO,YES,YES,upstream pipe spilling,NA,NA,NO
2022-10-20T00:00:00Z,1899-12-31T18:30:00Z,62.1,0,NA,NIT,3.4,6.05,12.33/25.44,10.22,NA,NA,70.5,0,NA,NA,NO,YES,YES,cleaned weir at 1830 and 0230,NA,NA,NO
2022-10-21T00:00:00Z,1899-12-31T08:30:00Z,59.5,0,8:37:00 AM,CLR,3.46,3.12,25.95,9.58,2.1,NA,59.3,2.9,8:32:00 AM,8:40:00 AM,NO,YES,YES,NA,NA,NA,NO
2022-10-21T00:00:00Z,1899-12-31T18:30:00Z,60.1,0,NA,NIT,4.36,NA,12.24/25.16,9.59,NA,NA,61,n/a,NA,NA,NO,YES,YES,cleaned weir at 0000 and 0500 - stream gauge @ 4.6,NA,NA,NO
2022-10-22T00:00:00Z,1899-12-31T08:00:00Z,59.7,0,12:00:00 PM,CLD,4.52,1.78,25.17,9.63,2.3,NA,59.8,0.6,8:30:00 AM,12:30:00 PM,NO,YES,YES,"connection issue, but connection was restored",NA,NA,NO
2022-10-22T00:00:00Z,1899-12-31T18:30:00Z,58.3,0,NA,NIT,4.6,4.19,25.01/12.00,9.78,NA,NA,60.6,n/a,NA,NA,NO,YES,YES,cleaned every 4 hours,NA,NA,NO
2022-10-23T00:00:00Z,1899-12-31T08:15:00Z,57.7,0,8:37:00 AM,CLR,4.55,4.06,26.07,9.78,2.3,NA,59.5,4.4,8:29:00 AM,8:55:00 AM,NO,YES,YES,"vaki connected upon arrival. unable to get vaki computer to connect, tried restarting still not connecting. backup camera is on and recording",NA,NA,NO
2022-10-23T00:00:00Z,1899-12-31T16:00:00Z,NA,0,NA,CLR,4.22,NA,NA,NA,NA,NA,NA,n/a,NA,NA,NO,NO,YES,"vaki still not connecting, monitored weir 0800-1600",NA,NA,NO
2022-10-23T00:00:00Z,1899-12-31T18:30:00Z,58.7,0,NA,NIT,4.1,2.6,12.25/25.55,10.46,NA,NA,68,n/a,NA,NA,NO,NO,YES,"vaki not connected upon arrival. backup camera battery bank running low, recharged with generator from 2030 to 0000. last weir clean @ 2300",NA,NA,NO
2022-10-24T00:00:00Z,1899-12-31T09:00:00Z,56.1,0,NA,CLR,3.72,2.33,12.06/27.23,10.12,2.8,NA,64.8,4.7/5.8,NA,NA,NO,NO,YES,backup camera ok. vaki reconnected @ 1026,NA,NA,NO
2022-10-25T00:00:00Z,1899-12-31T08:30:00Z,55.9,0,9:30:00 AM,CLR,2.4,5.6,26.13,9.88,2.6,2.8,69.5,0.0/3.9,8:40:00 AM,9:40:00 AM,NO,NO,YES,"beaver cuts vaki cable @ 10:40 pm, backup camera dies @ 3:12 am 10/25. pit tag reader ok, no 10/24 vaki file.",NA,NA,NO
2022-10-26T00:00:00Z,1899-12-31T08:15:00Z,56.4,0,8:32:00 AM,CLR,2.1,2.14,25.13,9.85,3.3,2.1,71,0.9/0.7,8:28:00 AM,8:38:00 AM,NO,YES,YES,"backup camera ok, pit tag reader ok",NA,NA,NO
2022-10-26T00:00:00Z,1899-12-31T19:00:00Z,58.9,0,NA,NIT,2.5,3.4,12.39/25.47,10.66,NA,NA,70.9,n/a,NA,NA,NO,YES,YES,backup camera connected,NA,NA,NO
2022-10-27T00:00:00Z,1899-12-31T08:45:00Z,55.7,0,9:18:00 AM,CLR,2.8,2.45,12.43/27.44,10.08,2.1,NA,62.8,5.4/6.5,9:10:00 AM,9:21:00 AM,NO,YES,YES,"backup camera ok, pit tag reader ok",NA,NA,NO
2022-10-27T00:00:00Z,1899-12-31T18:45:00Z,57.7,0,NA,NIT,3.22,2.1,25.47/12.51,10.72,NA,NA,64.4,n/a,NA,NA,NO,YES,YES,NA,NA,NA,NO
2022-10-28T00:00:00Z,1899-12-31T08:00:00Z,56.2,0,8:25:00 AM,CLR,3.32,1.76,25,10.02,2.5,NA,71,0.4,8:00:00 AM,8:25:00 AM,NO,YES,YES,"backup camera ok, pit tag reader ok, upstream pipe spilling",NA,NA,NO
2022-10-28T00:00:00Z,1899-12-31T19:00:00Z,57.7,0,NA,NIT,4.14,3.53,25.49/12.48,10.74,NA,NA,63.8,n/a,NA,NA,NO,YES,YES,"cleaned weir at 1900,0100,0500",NA,NA,NO
2022-10-29T00:00:00Z,1899-12-31T07:45:00Z,57,0,7:57:00 AM,CLR,4.38,1.9,25.13,10.02,2.5,4.1,67.1,0.2,7:50:00 AM,7:57:00 AM,NO,YES,YES,"cleaned weir at 1045,1530",NA,NA,NO
2022-10-29T00:00:00Z,1899-12-31T19:30:00Z,58.2,0,NA,NIT,3.94,3.44,25.48/12.55,10.55,NA,NA,62.6,n/a,NA,NA,NO,YES,YES,"cleaned weir at 2000, 0500",NA,NA,NO
2022-10-30T00:00:00Z,1899-12-31T08:15:00Z,56.4,0,8:32:00 AM,CLR,3.86,4.55,NA,10.13,2.5,3.6,61.5,n/a,8:26:00 AM,8:34:00 AM,NO,YES,YES,NA,NA,NA,NO
2022-10-30T00:00:00Z,1899-12-31T19:00:00Z,58.3,0,NA,NIT,3.42,4.66,25.49/12.66,10.66,NA,NA,64,n/a,NA,NA,NO,YES,YES,NA,NA,NA,NO
2022-10-31T00:00:00Z,1899-12-31T09:00:00Z,57.2,0,10:45:00 AM,CLD,3.24,1.75,27.52/12.94,10.04,2.5,NA,65.1,5.5/6.6,10:40:00 AM,10:45:00 AM,NO,YES,YES,"backup camera ok, pit tag reader ok",NA,NA,YES
2022-11-01T00:00:00Z,1899-12-31T09:00:00Z,56.2,0,9:40:00 AM,CLD,2.25,4.81,26.33,9.79,2.3,0.8,65.9,2.5,NA,NA,NO,YES,YES,"last trap check at 1200, no fish",9:30:00 AM,NA,YES
2022-11-01T00:00:00Z,1899-12-31T16:15:00Z,57.7,0,NA,CLR,2.25,2.06,26.17/12.97,10.59,2.7,NA,69.5,.6/6.8,NA,NA,NO,YES,YES,NA,NA,NA,YES
2022-11-02T00:00:00Z,1899-12-31T03:45:00Z,NA,0,NA,NIT/RAN,1.85,NA,NA,NA,NA,NA,NA,n/a,3:48:00 AM,4:30:00 AM,NO,YES,YES,"checked trap @ 4:00, 6:45",NA,NA,YES
2022-11-02T00:00:00Z,1899-12-31T08:45:00Z,55.1,0,8:56:00 AM,CLR,1.87,4.33,26.8,9.34,3.3,2.1,71.8,5.3/1.8,8:50:00 AM,9:36:00 AM,NO,YES,YES,"backup camera ok, pit tag reader ok, last trap check at 12:00",NA,NA,YES
2022-11-02T00:00:00Z,1899-12-31T16:15:00Z,56.6,0,NA,CLR,1.76,2.12,12.55,10.97,3,0.2,70.1,.5/.6,NA,NA,NO,YES,YES,installed plastic fingers on first fyke,NA,NA,YES
2022-11-02T00:00:00Z,1899-12-31T20:15:00Z,NA,0,NA,NIT,1.76,NA,NA,NA,NA,NA,NA,n/a,NA,NA,NO,YES,YES,NA,NA,NA,YES
2022-11-03T00:00:00Z,1899-12-31T00:00:00Z,NA,0,NA,NIT,1.76,NA,NA,NA,NA,NA,NA,n/a,NA,NA,NO,YES,YES,NA,NA,NA,YES
2022-11-03T00:00:00Z,1899-12-31T04:00:00Z,NA,0,NA,NIT,1.74,NA,NA,NA,NA,NA,NA,n/a,4:00:00 AM,4:10:00 AM,NO,YES,YES,NA,NA,NA,NO
2022-11-03T00:00:00Z,1899-12-31T07:15:00Z,53.6,0,7:30:00 AM,CLR,1.74,2.3,25.1,9.73,2.9,0.2,77.1,0.0/1.7,7:21:00 AM,7:33:00 AM,NO,YES,YES,"backup camera ok, pit tag reader ok",NA,7:43:00 AM,YES
2022-11-04T00:00:00Z,1899-12-31T08:15:00Z,52.7,0,8:50:00 AM,CLR,1.72,1.66,26.36,10.35,1.3,0.4,68.3,0,8:45:00 AM,8:52:00 AM,YES,YES,YES,installed downstream live box,8:15:00 AM,NA,YES
2022-11-04T00:00:00Z,1899-12-31T12:00:00Z,NA,0,NA,CLD,1.72,NA,NA,NA,NA,NA,NA,n/a,12:00:00 PM,NA,YES,YES,YES,NA,NA,NA,YES
2022-11-04T00:00:00Z,1899-12-31T16:00:00Z,55,0,NA,CLR,1.73,1.02,12.7/25.71,11.83,1.4,NA,75.4,.3/.1,NA,NA,YES,YES,YES,NA,NA,NA,YES
2022-11-04T00:00:00Z,1899-12-31T20:00:00Z,NA,0,NA,NIT,1.73,NA,NA,NA,NA,NA,NA,n/a,NA,NA,YES,YES,YES,NA,NA,NA,YES
2022-11-05T00:00:00Z,1899-12-31T00:00:00Z,NA,0,NA,NIT,1.73,NA,NA,NA,NA,NA,NA,n/a,NA,NA,YES,YES,YES,NA,NA,NA,YES
2022-11-05T00:00:00Z,1899-12-31T07:45:00Z,52.9,0,7:50:00 AM,CLD,1.71,0.84,25.12,10.52,1.5,0.2,85.9,0.0/1.7,7:47:00 AM,7:53:00 AM,YES,YES,YES,"backup camera ok, pit tag reader ok",NA,NA,YES
2022-11-05T00:00:00Z,1899-12-31T03:30:00Z,NA,NA,NA,NIT,1.7,NA,NA,NA,NA,NA,NA,n/a,3:54:00 AM,4:16:00 AM,YES,YES,YES,NA,NA,NA,YES
2022-11-05T00:00:00Z,1899-12-31T11:30:00Z,NA,NA,NA,CLR,1.71,NA,NA,NA,NA,NA,NA,n/a,NA,NA,YES,YES,YES,check trap and weir for fish,NA,NA,YES
2022-11-05T00:00:00Z,1899-12-31T16:00:00Z,55.4,0,NA,CLD,1.72,1.22,25.87/12.53,11.67,NA,NA,72.1,.6/.6,NA,NA,YES,YES,YES,NA,NA,NA,YES
2022-11-05T00:00:00Z,1899-12-31T19:00:00Z,NA,NA,NA,NIT,1.72,NA,NA,NA,NA,NA,NA,n/a,NA,NA,YES,YES,YES,NA,NA,NA,YES
2022-11-05T00:00:00Z,1899-12-31T22:00:00Z,NA,NA,NA,NIT,1.72,NA,NA,NA,NA,NA,NA,n/a,NA,NA,YES,YES,YES,NA,NA,NA,YES
2022-11-06T00:00:00Z,1899-12-31T01:00:00Z,NA,NA,NA,NIT,1.7,NA,25.39/12.22,NA,NA,NA,NA,0/0,NA,NA,YES,YES,YES,NA,NA,NA,YES
2022-11-06T00:00:00Z,1899-12-31T04:00:00Z,NA,NA,NA,NIT,1.71,NA,NA,NA,NA,NA,NA,n/a,NA,NA,YES,YES,YES,clock on vaki adjusted for day light savings,NA,NA,NO
2022-11-06T00:00:00Z,1899-12-31T07:15:00Z,55.9,0,NA,CLD,1.71,0.69,25.12,9.9,2.5,0,68,0.3,7:20:00 AM,7:26:00 AM,YES,YES,YES,"solar batteries have a yellow/red light indicating low reserve, smolt spy 12.15 volts",NA,8:00:00 AM,YES
2022-11-07T00:00:00Z,1899-12-31T10:00:00Z,56.3,0,10:38:00 AM,CLD,1.73,1.96,27.26/12.61,10,1.5,0.3,67.9,6.1/4.9,NA,NA,YES,YES,YES,"two non-vaki passages observed - two chn (male and female) went through primary rigid fyke, installed plastic mesh to prevent any further non-vaki passages",8:20:00 AM,NA,YES
2022-11-07T00:00:00Z,1899-12-31T12:00:00Z,NA,0,NA,CLD,1.73,NA,NA,NA,NA,NA,NA,n/a,NA,NA,YES,YES,YES,NA,NA,NA,YES
2022-11-07T00:00:00Z,1899-12-31T16:00:00Z,57.1,0,NA,CLD,1.75,1.49,25.63/12.44,11.04,1.3,0.2,80.6,0,NA,NA,YES,YES,YES,NA,NA,NA,YES
2022-11-07T00:00:00Z,1899-12-31T20:00:00Z,NA,NA,NA,NIT,1.76,NA,NA,NA,NA,NA,NA,n/a,NA,NA,YES,YES,YES,NA,NA,NA,YES
2022-11-08T00:00:00Z,1899-12-31T00:00:00Z,NA,NA,NA,NIT,1.76,NA,NA,NA,NA,NA,NA,n/a,NA,NA,YES,YES,YES,NA,NA,NA,YES
2022-11-08T00:00:00Z,1899-12-31T04:00:00Z,56.8,0,NA,NIT,1.78,NA,NA,9.52,1.6,0.4,71.6,n/a,NA,NA,YES,YES,YES,NA,NA,NA,YES
2022-11-08T00:00:00Z,1899-12-31T08:00:00Z,NA,0,NA,RAN,1.82,NA,NA,NA,NA,NA,NA,n/a,NA,NA,YES,YES,YES,NA,NA,NA,YES
2022-11-08T00:00:00Z,1899-12-31T09:30:00Z,54.2,0,9:55:00 AM,RAN,1.86,NA,12.03/25.57,10,1.8,0.4,62.7,1.3/1.7,NA,NA,YES,YES,YES,NA,NA,NA,YES
2022-11-08T00:00:00Z,1899-12-31T11:00:00Z,NA,0,NA,CLD,1.84,NA,NA,NA,NA,NA,NA,n/a,NA,NA,YES,YES,YES,NA,NA,NA,YES
2022-11-08T00:00:00Z,1899-12-31T12:00:00Z,NA,0,NA,CLD,1.8,NA,12.67/27.46,NA,NA,NA,NA,5.2/6.5,NA,NA,YES,YES,YES,NA,NA,NA,YES
2022-11-08T00:00:00Z,1899-12-31T16:00:00Z,55.7,0,NA,CLD,1.84,1.76,25.71/12.18,10.3,2.1,0.4,83.2,0.21,4:15:00 PM,4:50:00 PM,YES,YES,YES,NA,NA,NA,YES
2022-11-09T00:00:00Z,1899-12-31T00:00:00Z,NA,NA,NA,NIT,1.82,1.99,NA,NA,NA,NA,NA,n/a,12:01:00 AM,12:03:00 AM,YES,YES,YES,NA,NA,NA,YES
2022-11-08T00:00:00Z,1899-12-31T20:00:00Z,NA,0,NA,NIT,1.82,1.57,NA,NA,NA,NA,NA,n/a,8:01:00 PM,8:19:00 PM,YES,YES,YES,NA,NA,NA,YES
2022-11-09T00:00:00Z,1899-12-31T04:00:00Z,NA,0,NA,NIT,1.78,NA,NA,NA,NA,NA,NA,n/a,4:05:00 AM,4:16:00 AM,YES,YES,YES,NA,NA,NA,NO
2022-11-09T00:00:00Z,1899-12-31T08:00:00Z,53.9,0,8:09:00 AM,CLR,1.78,3.71,26.26,9.95,2.7,0.2,71.7,0,8:04:00 AM,8:10:00 AM,YES,YES,YES,opened trap @ 8:10,NA,8:10:00 AM,YES
2022-11-10T00:00:00Z,1899-12-31T08:30:00Z,52.4,0,8:34:00 AM,CLD,1.72,0.53,25.78,10.7,2.1,0.2,64.2,2.4,8:26:00 AM,8:50:00 AM,YES,YES,YES,closed trap,8:26:00 AM,NA,YES
2022-11-10T00:00:00Z,1899-12-31T12:00:00Z,NA,0,NA,CLR,1.72,NA,NA,NA,NA,NA,NA,n/a,NA,NA,YES,YES,YES,NA,NA,NA,YES
2022-11-10T00:00:00Z,1899-12-31T16:00:00Z,54.5,0,NA,CLR,1.72,0.21,25.96,11.55,2.25,0.4,70.9,0.5,NA,NA,YES,YES,YES,NA,NA,NA,YES
2022-11-10T00:00:00Z,1899-12-31T20:00:00Z,NA,NA,NA,NIT,1.72,0.82,NA,NA,NA,NA,NA,n/a,NA,NA,YES,YES,YES,NA,NA,NA,YES
2022-11-11T00:00:00Z,1899-12-31T00:00:00Z,NA,NA,NA,NIT,1.72,0.37,NA,NA,NA,NA,NA,n/a,NA,NA,YES,YES,YES,NA,NA,NA,YES
2022-11-11T00:00:00Z,1899-12-31T04:00:00Z,NA,NA,NA,NIT,1.71,NA,NA,NA,NA,NA,NA,n/a,NA,NA,YES,YES,YES,NA,NA,NA,YES
2022-11-11T00:00:00Z,1899-12-31T08:00:00Z,51.2,0,8:19:00 AM,CLR,1.71,0.94,27.14,11.06,2.3,0.2,64.3,6.2,8:10:00 AM,8:19:00 AM,YES,YES,YES,NA,NA,NA,YES
2022-11-11T00:00:00Z,1899-12-31T12:00:00Z,NA,0,NA,CLR,1.71,NA,NA,NA,NA,NA,NA,n/a,NA,NA,YES,YES,YES,NA,NA,NA,YES
2022-11-11T00:00:00Z,1899-12-31T16:00:00Z,53.4,0,NA,CLD,1.73,0.49,26.33,12.16,2.4,0.5,62.6,1,NA,NA,YES,YES,YES,NA,NA,NA,YES
2022-11-11T00:00:00Z,1899-12-31T20:00:00Z,NA,0,NA,NIT,1.73,NA,NA,NA,NA,NA,NA,n/a,NA,NA,YES,YES,YES,NA,NA,NA,YES
2022-11-12T00:00:00Z,1899-12-31T00:00:00Z,NA,0,NA,NIT,1.73,0.34,NA,NA,NA,NA,NA,n/a,NA,NA,YES,YES,YES,NA,NA,NA,YES
2022-11-12T00:00:00Z,1899-12-31T04:00:00Z,NA,0,NA,NA,NA,NA,NA,NA,NA,NA,NA,n/a,NA,NA,YES,YES,YES,NA,NA,NA,YES
2022-11-12T00:00:00Z,1899-12-31T07:30:00Z,NA,0,7:44:00 AM,CLD,1.68,0.59,25.34/12.17,NA,1.8,0.6,62.7,1.1/1,NA,NA,YES,YES,YES,d.o/temp meter batteries are dead,NA,NA,NO
2022-11-12T00:00:00Z,1899-12-31T08:00:00Z,NA,0,NA,CLD,1.68,NA,NA,NA,1.8,0.6,NA,n/a,NA,NA,YES,YES,YES,opened trap @ 8am,NA,8:00:00 AM,YES
2022-11-13T00:00:00Z,1899-12-31T08:15:00Z,51.4,0,8:54:00 AM,CLR,1.7,0.51,27.7,10.8,2.2,0,67.7,10.4,NA,NA,YES,YES,YES,closed trap @ 8:09am,8:09:00 AM,NA,YES
2022-11-13T00:00:00Z,1899-12-31T16:00:00Z,53.8,0,NA,CLR,1.7,1.09,25.68/12.78,11.69,2.1,0.6,69.3,.4/.4,NA,NA,YES,YES,YES,NA,NA,NA,YES
2022-11-13T00:00:00Z,1899-12-31T20:00:00Z,NA,0,NA,NIT,1.7,1.11,NA,NA,NA,NA,NA,n/a,NA,NA,YES,YES,YES,NA,NA,NA,YES
2022-11-14T00:00:00Z,1899-12-31T00:00:00Z,NA,0,NA,NIT,1.7,0.59,NA,NA,NA,NA,NA,n/a,NA,NA,YES,YES,YES,NA,NA,NA,YES
2022-11-14T00:00:00Z,1899-12-31T04:00:00Z,NA,0,NA,NIT,1.68,2.78,NA,NA,NA,NA,NA,n/a,4:00:00 AM,4:17:00 AM,YES,YES,YES,NA,NA,NA,YES
2022-11-14T00:00:00Z,1899-12-31T08:00:00Z,49.2,0,8:05:00 AM,CLR,1.68,0.97,25.84,11.1,NA,NA,70.4,0.8,8:02:00 AM,8:05:00 AM,YES,YES,YES,flow meter not working,NA,NA,YES
2022-11-14T00:00:00Z,1899-12-31T12:00:00Z,NA,0,NA,CLR,1.68,0.76,NA,NA,NA,NA,NA,n/a,NA,NA,YES,YES,YES,NA,NA,NA,YES
2022-11-14T00:00:00Z,1899-12-31T16:00:00Z,53.6,0,NA,CLR,1.68,0.71,25.84/12.86,11.84,NA,0.5,75,.5/.6,NA,NA,YES,YES,YES,NA,NA,NA,YES
2022-11-14T00:00:00Z,1899-12-31T20:00:00Z,NA,0,NA,NIT,1.68,1.06,NA,NA,NA,NA,NA,n/a,NA,NA,YES,YES,YES,NA,NA,NA,YES
2022-11-15T00:00:00Z,1899-12-31T00:00:00Z,NA,0,NA,NIT,1.68,1.28,NA,NA,NA,NA,NA,n/a,NA,NA,YES,YES,YES,NA,NA,NA,YES
2022-11-15T00:00:00Z,1899-12-31T04:00:00Z,NA,0,NA,NIT,1.68,1.47,NA,NA,NA,NA,NA,n/a,4:00:00 AM,4:23:00 AM,YES,YES,YES,NA,NA,NA,NO
2022-11-15T00:00:00Z,1899-12-31T08:00:00Z,49.7,0,8:01:00 AM,CLR,1.68,2.58,25.66,11.06,3.6,0.2,71.1,0.5,7:57:00 AM,8:15:00 AM,YES,YES,YES,opened trap @ 8:15,NA,8:15:00 AM,YES
2022-11-16T00:00:00Z,1899-12-31T08:00:00Z,50.3,0,8:44:00 AM,CLR,1.7,0.74,27.03/13.26,11.42,3.6,0.4,75.9,5.7/8.6,8:40:00 AM,8:45:00 AM,YES,YES,YES,closed trap @ 9:00,9:00:00 AM,NA,YES
2022-11-16T00:00:00Z,1899-12-31T12:00:00Z,NA,0,NA,CLR,1.7,NA,29.42/14.76,NA,NA,NA,NA,4.5/15.2,NA,NA,YES,YES,YES,NA,NA,NA,YES
2022-11-16T00:00:00Z,1899-12-31T16:00:00Z,52.7,0,NA,CLR,NA,1.34,NA,11.73,1,0,68,n/a,NA,NA,YES,YES,YES,backup camera ok,NA,NA,YES
2022-11-16T00:00:00Z,1899-12-31T20:00:00Z,NA,0,NA,NIT,NA,NA,NA,NA,NA,NA,NA,n/a,NA,NA,YES,YES,YES,NA,NA,NA,YES
2022-11-17T00:00:00Z,1899-12-31T00:00:00Z,NA,0,NA,NIT,NA,NA,NA,NA,NA,NA,NA,n/a,NA,NA,YES,YES,YES,NA,NA,NA,YES
2022-11-17T00:00:00Z,1899-12-31T04:00:00Z,NA,0,NA,NIT,1.7,NA,NA,NA,NA,NA,NA,n/a,4:05:00 AM,5:00:00 AM,YES,YES,YES,NA,NA,NA,YES
2022-11-17T00:00:00Z,1899-12-31T08:00:00Z,49.3,0,NA,CLR,1.7,2.11,NA,11.17,2.9,0.2,71.3,n/a,8:00:00 AM,8:15:00 AM,YES,YES,YES,NA,NA,NA,YES
2022-11-17T00:00:00Z,1899-12-31T09:15:00Z,NA,0,9:45:00 AM,CLR,1.7,2.11,29.37/13.87,NA,2.9,0.2,NA,13.3/14.3,9:35:00 AM,9:50:00 AM,YES,YES,YES,NA,NA,NA,YES
2022-11-17T00:00:00Z,1899-12-31T12:00:00Z,NA,0,NA,CLR,1.7,2.11,NA,NA,2.8,0.2,NA,n/a,NA,NA,YES,YES,YES,NA,NA,NA,NO
2022-11-17T00:00:00Z,1899-12-31T16:00:00Z,51.6,0,NA,CLR,1.7,1.39,NA,12.29,3,NA,75.4,n/a,NA,NA,YES,YES,YES,opened trap @ 15:45,NA,3:45:00 PM,NO
2022-11-18T00:00:00Z,1899-12-31T08:00:00Z,49.4,0,8:23:00 AM,CLR,1.7,1.54,25.45,10.97,3.8,0.2,66.1,1.4,8:02:00 AM,8:24:00 AM,YES,YES,YES,NA,NA,NA,YES
2022-11-19T00:00:00Z,1899-12-31T08:00:00Z,49.4,0,9:17:00 AM,CLR,1.7,1.21,28.32/13.56,11.34,3.5,0.4,67,11/10.3,9:15:00 AM,9:20:00 AM,YES,YES,YES,NA,8:00:00 AM,NA,YES
2022-11-19T00:00:00Z,1899-12-31T12:00:00Z,50.7,0,NA,CLR,1.7,1.65,NA,11.86,3.5,0.4,69.4,n/a,NA,NA,YES,YES,YES,NA,NA,NA,YES
2022-11-19T00:00:00Z,1899-12-31T15:45:00Z,51.6,0,NA,CLR,NA,0.73,26.3,11.89,2.7,0.1,65.2,0.7/1.7,NA,NA,YES,YES,YES,backup camera ok,NA,NA,YES
2022-11-19T00:00:00Z,1899-12-31T20:00:00Z,NA,0,NA,NIT,1.7,NA,NA,NA,NA,NA,NA,n/a,NA,NA,YES,YES,YES,NA,NA,NA,YES
2022-11-20T00:00:00Z,1899-12-31T00:00:00Z,NA,0,NA,NIT,NA,NA,NA,NA,NA,NA,NA,n/a,11:15:00 PM,11:30:00 PM,YES,YES,YES,NA,NA,NA,YES
2022-11-20T00:00:00Z,1899-12-31T04:00:00Z,NA,0,NA,NIT,1.69,NA,NA,NA,NA,NA,NA,n/a,4:06:00 AM,4:20:00 AM,YES,YES,YES,NA,NA,NA,YES
2022-11-20T00:00:00Z,1899-12-31T08:00:00Z,47.8,0,8:25:00 AM,CLR,1.69,1.46,25.58/13.00,11.52,2.9,0.5,56.6,1.7/6.2,8:02:00 AM,8:27:00 AM,YES,YES,YES,NA,NA,NA,YES
2022-11-20T00:00:00Z,1899-12-31T12:00:00Z,NA,0,NA,CLR,1.69,NA,NA,NA,NA,NA,NA,n/a,NA,NA,YES,YES,YES,NA,NA,NA,YES
2022-11-20T00:00:00Z,1899-12-31T15:45:00Z,51.2,0,NA,CLR,1.7,0.84,26.6,11.95,2.5,0.1,74.3,0.8/1.6,NA,NA,YES,YES,YES,backup camera ok,NA,NA,YES
2022-11-20T00:00:00Z,1899-12-31T19:45:00Z,NA,0,NA,NIT,1.7,NA,NA,NA,NA,NA,NA,n/a,7:55:00 PM,8:03:00 PM,YES,YES,YES,NA,NA,NA,YES
2022-11-21T00:00:00Z,1899-12-31T00:00:00Z,NA,0,NA,NIT,1.7,NA,NA,NA,NA,NA,NA,n/a,NA,NA,YES,YES,YES,NA,NA,NA,YES
2022-11-21T00:00:00Z,1899-12-31T04:00:00Z,NA,0,NA,NIT,1.69,NA,NA,NA,NA,NA,NA,n/a,3:56:00 AM,4:37:00 AM,YES,YES,YES,NA,NA,NA,YES
2022-11-21T00:00:00Z,1899-12-31T08:00:00Z,47.7,0,8:27:00 AM,CLR,1.69,1.06,25.6/13.21,11.37,2.3,0.3,63.2,2.2/6.4,8:18:00 AM,8:30:00 AM,YES,YES,YES,NA,NA,NA,YES
2022-11-21T00:00:00Z,1899-12-31T12:00:00Z,NA,0,NA,CLR,1.69,NA,NA,NA,NA,NA,NA,n/a,NA,NA,YES,YES,YES,NA,NA,NA,YES
2022-11-21T00:00:00Z,1899-12-31T16:00:00Z,51,0,NA,NIT,1.7,1.01,25.60/12.65,11.97,2.5,0.2,71.2,0.0/0.0,NA,NA,YES,YES,YES,NA,NA,NA,YES
2022-11-21T00:00:00Z,1899-12-31T20:00:00Z,NA,0,NA,NIT,1.7,NA,NA,NA,NA,NA,NA,n/a,7:58:00 PM,8:33:00 PM,YES,YES,YES,NA,NA,NA,YES
2022-11-22T00:00:00Z,1899-12-31T00:00:00Z,NA,0,NA,NIT,1.7,NA,NA,NA,NA,NA,NA,n/a,NA,NA,YES,YES,YES,NA,NA,NA,YES
2022-11-22T00:00:00Z,1899-12-31T04:00:00Z,NA,0,NA,NIT,NA,NA,NA,NA,NA,NA,NA,n/a,4:07:00 AM,4:23:00 AM,YES,NA,YES,NA,NA,NA,YES
2022-11-22T00:00:00Z,1899-12-31T08:00:00Z,47.9,0,8:14:00 AM,CLR,1.7,NA,23.36/12.61,11.43,2.3,0.2,75.7,1.2/3.2,8:04:00 AM,8:15:00 AM,YES,YES,YES,NA,NA,NA,YES
2022-11-22T00:00:00Z,1899-12-31T12:00:00Z,NA,0,NA,CLR,1.7,NA,NA,NA,NA,NA,NA,n/a,12:00:00 PM,12:10:00 PM,YES,YES,YES,NA,NA,NA,YES
2022-11-22T00:00:00Z,1899-12-31T16:00:00Z,50.5,0,NA,CLD,1.7,1.96,13.35/27.23,12.18,2.5,0.2,70.9,1.6/1.9,3:48:00 PM,4:02:00 PM,YES,YES,YES,NA,NA,NA,YES
2022-11-22T00:00:00Z,1899-12-31T20:00:00Z,NA,0,NA,NIT,1.7,NA,NA,NA,NA,NA,NA,n/a,7:58:00 PM,8:25:00 PM,YES,YES,YES,fat meter battery dead,NA,NA,YES
2022-11-23T00:00:00Z,1899-12-31T00:00:00Z,NA,0,NA,NIT,1.7,NA,NA,NA,NA,NA,NA,n/a,11:40:00 PM,11:50:00 PM,YES,YES,YES,NA,NA,NA,YES
2022-11-23T00:00:00Z,1899-12-31T04:00:00Z,NA,0,NA,NIT,1.7,NA,NA,NA,NA,NA,NA,n/a,4:09:00 AM,4:35:00 AM,YES,YES,YES,NA,NA,NA,NO
2022-11-23T00:00:00Z,1899-12-31T08:00:00Z,48.1,0,8:36:00 AM,CLR,1.7,1.11,26.1,11.46,2.5,0.2,69.1,1.5,8:00:00 AM,8:36:00 AM,YES,YES,YES,fat meter battery dead,NA,8:36:00 AM,NO
2022-11-24T00:00:00Z,1899-12-31T10:00:00Z,49.1,0,9:44:00 AM,CLR,1.7,0.6,28.67/13.54,11.5,3.8,0.2,73.7,11.3,9:36:00 AM,9:46:00 AM,YES,YES,YES,NA,NA,NA,NO
2022-11-25T00:00:00Z,1899-12-31T09:30:00Z,49.4,0,9:47:00 AM,CLR,1.7,1.21,13.37/28.08,11.54,2.7,0.2,71.6,9.9/11.0,9:34:00 AM,9:48:00 AM,YES,YES,YES,NA,NA,NA,YES
2022-11-26T00:00:00Z,1899-12-31T08:00:00Z,49.7,0,8:30:00 AM,CLD,1.7,2.52,25.56,11.08,2.2,NA,69.5,1.8,NA,NA,YES,YES,YES,backup camera not connected,8:00:00 AM,NA,YES
2022-11-26T00:00:00Z,1899-12-31T12:00:00Z,51.3,0,NA,CLR,1.7,NA,NA,11.62,2.7,NA,71.2,n/a,NA,NA,YES,YES,YES,NA,NA,NA,YES
2022-11-26T00:00:00Z,1899-12-31T16:00:00Z,52.4,0,NA,CLR,1.7,1.05,26.49/13.20,11.64,2.6,0.2,71.2,1.6/0.8,NA,NA,YES,YES,YES,NA,NA,NA,YES
2022-11-26T00:00:00Z,1899-12-31T20:00:00Z,NA,0,NA,NIT,1.7,NA,NA,NA,NA,NA,NA,n/a,8:01:00 PM,8:05:00 PM,YES,YES,YES,NA,NA,NA,YES
2022-11-27T00:00:00Z,1899-12-31T00:00:00Z,NA,0,NA,NIT,1.7,NA,NA,NA,NA,NA,NA,n/a,12:00:00 AM,12:20:01 AM,YES,YES,YES,NA,NA,NA,YES
2022-11-27T00:00:00Z,1899-12-31T16:00:00Z,51.1,0,NA,CLR,1.7,1.1,26.43/13.18,11.83,2.5,0.2,83.3,0.6/0.7,NA,NA,YES,YES,YES,backup camera ok,NA,NA,YES
2022-11-27T00:00:00Z,1899-12-31T20:00:00Z,NA,0,NA,NIT,1.7,NA,NA,NA,NA,NA,NA,n/a,7:57:00 PM,8:20:00 PM,YES,YES,YES,fat meter dead,NA,NA,YES
2022-11-27T00:00:00Z,1899-12-31T03:35:00Z,NA,0,NA,NIT,1.7,NA,NA,NA,NA,NA,NA,n/a,3:35:00 AM,3:42:00 AM,YES,YES,YES,fat meter not working. backup camera on and working.,NA,NA,YES
2022-11-27T00:00:00Z,1899-12-31T08:00:00Z,49.4,0,7:09:00 AM,CLR,1.7,0.94,25.09/12.35,10.86,NA,NA,64.6,1.7,7:00:00 AM,7:15:00 AM,YES,YES,YES,flow meter not working.,NA,NA,YES
2022-11-27T00:00:00Z,1899-12-31T12:00:00Z,50.2,0,NA,CLR,1.7,NA,29.6/13.87,11.32,NA,NA,75,6.6,11:45:00 AM,11:55:00 AM,YES,YES,YES,NA,NA,NA,YES
2022-11-28T00:00:00Z,1899-12-31T00:00:00Z,NA,0,NA,NIT,1.7,NA,NA,NA,NA,NA,NA,n/a,12:00:00 AM,12:20:01 AM,YES,YES,YES,NA,NA,NA,NO
2022-11-28T00:00:00Z,1899-12-31T08:00:00Z,49,0,8:28:00 AM,CLR,1.73,1.05,25.92,10.98,3.4,0.2,71.5,1.8,8:04:00 AM,8:37:00 AM,YES,YES,YES,NA,NA,8:49:00 AM,NO
2022-11-28T00:00:00Z,1899-12-31T04:00:00Z,NA,0,NA,NIT,NA,NA,NA,NA,NA,NA,NA,n/a,NA,NA,YES,YES,YES,NA,NA,NA,YES
2022-11-29T00:00:00Z,1899-12-31T08:15:00Z,48.3,0,8:33:00 AM,CLR,1.72,1.2,25.48,11.06,3.7,0.2,70.2,1.7,8:25:00 AM,8:35:00 AM,YES,YES,YES,set trap at 8:17am,8:17:00 AM,NA,YES
2022-11-29T00:00:00Z,1899-12-31T15:45:00Z,50.2,0,NA,CLR,1.7,0.93,25.54/12.63,11.62,2.3,2.3,74.7,11.10/1.8,NA,NA,YES,YES,YES,no fish in the trap,NA,NA,YES
2022-11-29T00:00:00Z,1899-12-31T12:00:00Z,NA,0,NA,CLR,1.72,NA,NA,NA,NA,NA,NA,n/a,NA,NA,YES,YES,YES,NA,NA,NA,YES
2022-11-29T00:00:00Z,1899-12-31T20:00:00Z,NA,0,NA,NIT,1.7,NA,NA,NA,NA,NA,NA,n/a,NA,NA,YES,YES,YES,NA,NA,NA,YES
2022-11-30T00:00:00Z,1899-12-31T00:00:00Z,NA,0,NA,NIT,1.7,NA,NA,NA,NA,NA,NA,n/a,12:00:00 AM,12:14:59 AM,YES,YES,YES,fat meter not working,NA,NA,YES
2022-11-30T00:00:00Z,1899-12-31T04:00:00Z,NA,0,NA,NIT,1.72,NA,NA,NA,NA,NA,NA,n/a,NA,NA,YES,YES,YES,NA,NA,NA,YES
2022-11-30T00:00:00Z,1899-12-31T08:00:00Z,46.4,0,8:10:00 AM,CLR,1.72,1.25,25.24,11.89,2.1,0.3,66.5,1.4,7:58:00 AM,8:13:00 AM,YES,YES,YES,NA,NA,NA,YES
2022-11-30T00:00:00Z,1899-12-31T12:00:00Z,NA,0,NA,CLR,1.7,NA,29.33,NA,NA,NA,NA,5.3,NA,NA,YES,YES,YES,NA,NA,NA,YES
2022-11-30T00:00:00Z,1899-12-31T16:00:00Z,49.3,0,NA,CLR,1.7,1.19,12.85/26.33,11.87,2.7,0.2,68.5,1.1/.7,3:55:00 PM,4:44:00 PM,YES,YES,YES,NA,NA,NA,YES
2022-11-30T00:00:00Z,1899-12-31T20:00:00Z,NA,0,NA,NIT,NA,NA,23.53,NA,NA,NA,NA,n/a,NA,NA,YES,YES,YES,NA,NA,NA,YES
2022-12-01T00:00:00Z,1899-12-31T00:00:00Z,NA,0,NA,NIT,1.7,NA,NA,NA,NA,NA,NA,n/a,11:50:00 PM,12:05:00 AM,YES,YES,YES,NA,NA,NA,YES
2022-12-01T00:00:00Z,1899-12-31T04:00:00Z,NA,0,NA,RAN,1.7,NA,29.18,NA,NA,NA,NA,n/a,NA,NA,YES,YES,YES,NA,NA,NA,NO
2022-12-01T00:00:00Z,1899-12-31T08:00:00Z,48.7,0,8:25:00 AM,RAN,1.7,1.9,24.91,10.98,2.7,0.2,74.4,0,8:15:00 AM,8:30:00 AM,YES,YES,YES,NA,NA,8:30:00 AM,YES
2022-12-02T00:00:00Z,1899-12-31T08:15:00Z,47.8,0,8:45:00 AM,CLR,1.82,3.48,26.49,10.51,3.2,0.4,76.6,3.9,8:30:00 AM,8:50:00 AM,YES,YES,YES,NA,8:30:00 AM,NA,YES
2022-12-02T00:00:00Z,1899-12-31T12:00:00Z,NA,0,NA,CLR,1.78,NA,29.57,NA,NA,NA,NA,0.4,NA,NA,YES,YES,YES,NA,NA,NA,YES
2022-12-02T00:00:00Z,1899-12-31T16:00:00Z,49.8,0,NA,CLR,1.74,2.56,26.37/12.84,11.19,1.9,0.2,78.5,1,4:26:00 PM,4:36:00 PM,YES,YES,YES,NA,NA,NA,YES
2022-12-02T00:00:00Z,1899-12-31T20:00:00Z,NA,0,NA,NIT,1.74,NA,NA,NA,NA,NA,NA,n/a,7:45:00 PM,8:09:00 PM,YES,YES,YES,NA,NA,NA,YES
2022-12-03T00:00:00Z,1899-12-31T00:00:00Z,NA,0,NA,NIT,1.74,NA,25.5,NA,NA,NA,NA,n/a,11:55:00 PM,12:01:00 AM,YES,YES,YES,NA,NA,NA,YES
2022-12-03T00:00:00Z,1899-12-31T04:00:00Z,NA,0,NA,NIT,1.7,NA,25.43,NA,NA,NA,NA,0,NA,NA,YES,YES,YES,NA,NA,NA,YES
2022-12-03T00:00:00Z,1899-12-31T08:00:00Z,49.4,0,8:30:00 AM,CLD,1.7,1.02,25.49,10.72,2.8,0.2,71.4,0.6,8:15:00 AM,8:35:00 AM,YES,YES,YES,NA,NA,NA,YES
2022-12-03T00:00:00Z,1899-12-31T12:00:00Z,NA,0,NA,RAN,1.7,NA,25.69,NA,NA,NA,NA,0.6,NA,NA,YES,YES,YES,NA,NA,NA,YES
2022-12-03T00:00:00Z,1899-12-31T16:00:00Z,50.7,0,NA,RAN,1.78,2.08,25.63/12.28,11.42,1.9,0.2,72.1,0,NA,NA,YES,YES,YES,barrel to right of boat passage popped off. secured passage light with new hose clamp.,NA,NA,YES
2022-12-03T00:00:00Z,1899-12-31T20:00:00Z,NA,0,NA,NIT,1.82,NA,23.35,NA,NA,NA,NA,n/a,7:55:00 PM,8:07:00 PM,YES,YES,YES,NA,NA,NA,YES
2022-12-04T00:00:00Z,1899-12-31T04:00:00Z,NA,0,NA,NIT,1.94,NA,NA,NA,NA,NA,NA,n/a,4:00:00 AM,4:12:00 AM,YES,YES,YES,NA,NA,NA,YES
2022-12-04T00:00:00Z,1899-12-31T08:00:00Z,52.1,0,8:34:00 AM,FOG,1.98,9,25.47/12.17,9.87,1.5,0.2,93.5,3.4/2.6,8:01:00 AM,8:36:00 AM,YES,YES,YES,backup camera ok; pit tag reader ok.,NA,NA,YES
2022-12-04T00:00:00Z,1899-12-31T12:00:00Z,NA,0,NA,CLR,2.6,19.6,NA,NA,NA,NA,NA,n/a,12:20:00 PM,2:00:00 PM,YES,YES,YES,NA,NA,NA,YES
2022-12-04T00:00:00Z,1899-12-31T16:00:00Z,53.2,0,NA,CLR,2.1,12.99,25.90/12.51,10.78,2.3,1.2,113.8,0.2,3:40:00 PM,4:13:00 PM,YES,YES,YES,NA,NA,NA,YES
2022-12-04T00:00:00Z,1899-12-31T20:00:00Z,NA,0,NA,NIT,2.14,11.33,25.65,NA,NA,NA,NA,n/a,7:45:00 PM,8:00:00 PM,YES,YES,YES,NA,NA,NA,YES
2022-12-05T00:00:00Z,1899-12-31T00:00:00Z,NA,0,NA,NIT,2.08,7.83,25.49/12.29,NA,NA,NA,NA,0,11:52:00 PM,12:07:00 AM,YES,YES,YES,NA,NA,NA,YES
2022-12-05T00:00:00Z,1899-12-31T04:00:00Z,NA,0,NA,NIT,1.91,NA,NA,NA,NA,NA,NA,n/a,4:00:00 AM,4:20:00 AM,YES,YES,YES,NA,NA,NA,YES
2022-12-05T00:00:00Z,1899-12-31T08:00:00Z,51.9,0,8:28:00 AM,CLD,1.91,3.32,25.75,9.88,2.3,0.8,83,2.3,8:00:00 AM,8:28:00 AM,YES,YES,YES,NA,NA,NA,YES
2022-12-04T00:00:00Z,1899-12-31T00:00:00Z,NA,0,NA,RAN,1.92,NA,25.27,NA,NA,NA,NA,n/a,11:48:00 PM,12:08:00 AM,YES,YES,YES,NA,NA,NA,YES
2022-12-05T00:00:00Z,1899-12-31T12:00:00Z,NA,0,NA,CLD,1.85,NA,NA,NA,NA,NA,NA,n/a,12:00:00 PM,12:45:00 PM,YES,YES,YES,NA,NA,NA,YES
2023-02-14T00:00:00Z,1899-12-31T07:45:00Z,49.6,0,7:56:00 AM,CLR,1.77,4.6,12.63/13.07,10.88,1.7,NA,149.8,2.9,7:52:00 AM,7:57:00 AM,NO,YES,YES,NA,NA,NA,YES
2023-02-15T00:00:00Z,1899-12-31T08:00:00Z,46.8,0,8:02:00 AM,CLR,1.76,4.88,25.57/13.63,11.37,1.7,NA,142,2.9,7:56:00 AM,8:03:00 AM,NO,YES,YES,NA,NA,NA,YES
2023-02-16T00:00:00Z,1899-12-31T07:50:00Z,46.6,0,8:23:00 AM,CLR,1.75,3.95,26.86/12.61,11.58,1.6,NA,144.8,4.2,8:18:00 AM,8:24:00 AM,YES,YES,YES,NA,NA,NA,YES
2023-02-17T00:00:00Z,1899-12-31T08:00:00Z,46.4,0,7:56:00 AM,CLR,1.78,3.77,25.15,11.52,2,NA,138.8,2.3/1.6,7:53:00 AM,8:00:00 AM,YES,YES,NO,need new lock and flags on solar panel,NA,NA,YES
2023-02-18T00:00:00Z,1899-12-31T07:45:00Z,46.3,0,7:58:00 AM,CLR,1.75,6.87,25.41,11.56,0.6,NA,147,1.9,7:55:00 AM,8:10:00 AM,YES,YES,NO,NA,NA,NA,YES
2023-02-19T00:00:00Z,1899-12-31T07:45:00Z,47,1,7:52:00 AM,CLR,1.76,3.78,25.75/13.39,11.24,1,0.2,146.9,1.8,7:47:00 AM,7:53:00 AM,YES,YES,NO,NA,NA,NA,YES
2023-02-20T00:00:00Z,1899-12-31T07:45:00Z,48.3,0,7:55:00 AM,CLR,1.76,4.61,13.07/25.44,11.09,1.5,NA,151.1,1.3,7:50:00 AM,7:56:00 AM,YES,YES,NO,NA,NA,NA,YES
2023-02-21T00:00:00Z,1899-12-31T08:00:00Z,48.9,0,7:54:00 AM,CLD,1.75,3.26,13.10/25.76,10.97,1.2,NA,149.7,1.7,7:49:00 AM,7:55:00 AM,YES,YES,NO,NA,NA,NA,YES
2023-02-22T00:00:00Z,1899-12-31T07:45:00Z,48.2,0,7:38:00 AM,CLR,1.73,5.07,25.26,10.53,1.2,NA,148,0.5,7:32:00 AM,7:49:00 AM,YES,YES,NO,NA,NA,NA,YES
2023-02-23T00:00:00Z,1899-12-31T07:30:00Z,47.8,0,7:37:00 AM,CLR,1.78,3.6,25.29,10.88,1.1,NA,145.5,0.8,7:30:00 AM,7:45:00 AM,YES,YES,NO,NA,NA,NA,YES
2023-02-24T00:00:00Z,1899-12-31T10:00:00Z,47.5,0,10:00:00 AM,RAN,NA,8.27,26.37,11.55,1.5,1,151.2,1.5,10:00:00 AM,10:05:00 AM,YES,YES,YES,NA,NA,NA,YES
2023-02-25T00:00:00Z,1899-12-31T12:00:00Z,48.2,0,12:30:00 PM,CLD,3.2,15.97,26.83/14.25,11.34,NA,NA,132.8,2.9/2.4,12:25:00 PM,12:35:00 PM,YES,YES,YES,cleaned weir every 4 hrs,NA,NA,YES
2023-02-26T00:00:00Z,1899-12-31T08:00:00Z,NA,0,8:06:00 AM,CLD,2.56,NA,13.15/25.38,NA,NA,NA,NA,1.1/1.1,8:04:00 AM,8:08:00 AM,YES,YES,YES,NA,NA,NA,YES
2023-02-27T00:00:00Z,1899-12-31T07:45:00Z,47.8,0,7:56:00 AM,CLD,2.28,9.53,12.90/25.17,10.63,0.8,NA,325,0.8,7:50:00 AM,7:57:00 AM,YES,YES,YES,NA,NA,NA,YES
2023-02-28T00:00:00Z,1899-12-31T08:00:00Z,46.6,0,8:03:00 AM,CLD,3.1,19.2,25.02,10.88,0.7,NA,292,.5/1.8,8:00:00 AM,8:08:00 AM,YES,YES,YES,NA,NA,NA,NO
2023-02-28T00:00:00Z,1899-12-31T14:00:00Z,47.9,0,NA,CLD,3.6,NA,NA,11.1,1.8,NA,NA,n/a,NA,NA,YES,NA,YES,"stopped trapping at 1830, stream gauge at 4.4",NA,6:30:00 PM,YES
2023-03-03T00:00:00Z,1899-12-31T15:30:00Z,51.8,30,3:40:00 PM,CLR,2.8,9.05,27.03/13.52,NA,2.7,NA,NA,2.6/1.0,3:30:00 PM,NA,NO,NA,YES,NA,3:30:00 PM,NA,YES
2023-03-04T00:00:00Z,1899-12-31T07:30:00Z,50.6,0,7:37:00 AM,CLD,2.72,8.12,25.46,10.47,0.8,NA,NA,0.1,7:32:00 AM,7:44:00 AM,NO,YES,YES,need new lock on trap,NA,NA,YES
2023-03-05T00:00:00Z,1899-12-31T07:30:00Z,48.9,0,7:38:00 AM,RAN,2.7,6.39,25.48,10.68,1.4,NA,395,0.9,7:30:00 AM,8:50:00 AM,NO,YES,YES,NA,NA,NA,YES
2023-03-06T00:00:00Z,1899-12-31T08:00:00Z,48,0,8:47:00 AM,CLR,3.1,11.93,28.32/15.23,11.01,0.8,NA,450,7,8:41:00 AM,8:50:00 AM,NO,YES,YES,NA,NA,NA,YES
2023-03-07T00:00:00Z,1899-12-31T07:45:00Z,48.4,0,8:04:00 AM,CLR,2.72,7,27.8,10.97,1.1,NA,303,8.1,7:56:00 AM,8:46:00 AM,NO,YES,YES,NA,NA,NA,YES
2023-03-08T00:00:00Z,1899-12-31T08:30:00Z,NA,0,8:35:00 AM,RAN,2.75,6.09,25.47,NA,0.9,NA,390,2.2,8:30:00 AM,8:35:00 AM,NO,YES,YES,NA,NA,NA,YES
2023-03-09T00:00:00Z,1899-12-31T08:00:00Z,48.5,0,8:18:00 AM,CLD,3.3,6.3,26.2,11.08,1,NA,345,2.7,8:11:00 AM,8:45:00 AM,NO,YES,YES,NA,NA,NA,NO
2023-03-09T00:00:00Z,1899-12-31T14:30:00Z,49.3,0,2:50:00 PM,RAN,3.3,NA,13.59/25.98,11.24,NA,NA,269,.7/.8,2:45:00 PM,3:00:00 PM,NO,YES,YES,remove vaki system for high flows,NA,3:00:00 PM,YES
2022-12-05T00:00:00Z,1899-12-31T16:00:00Z,54,0,NA,CLD,1.8,1.96,25.77/12.52,10.91,2.9,0.2,77.5,0.0/0.2,4:04:00 PM,4:20:00 PM,YES,YES,YES,backup camera ok; pit tag reader ok.,NA,NA,YES
2022-12-05T00:00:00Z,1899-12-31T20:00:00Z,NA,0,NA,NIT,1.8,NA,NA,NA,NA,NA,NA,n/a,7:20:00 PM,7:30:00 PM,YES,YES,YES,NA,NA,NA,YES
2022-12-06T00:00:00Z,1899-12-31T00:00:00Z,NA,0,NA,NIT,NA,NA,NA,NA,NA,NA,NA,n/a,NA,NA,YES,YES,YES,NA,NA,NA,YES
2022-12-06T00:00:00Z,1899-12-31T04:00:00Z,NA,0,NA,NIT,1.77,NA,NA,NA,NA,NA,NA,n/a,4:00:00 AM,5:00:00 AM,YES,YES,YES,NA,NA,NA,YES
2022-12-06T00:00:00Z,1899-12-31T08:00:00Z,51.5,0,8:17:00 AM,CLD,1.77,1.41,25.4,10,2.7,0.8,73,0.9,NA,NA,YES,YES,YES,backup camera ok; pit tag reader ok.,NA,NA,YES
2022-12-06T00:00:00Z,1899-12-31T12:00:00Z,NA,0,NA,RAN,1.77,NA,NA,NA,NA,NA,NA,n/a,12:00:00 PM,12:10:00 PM,YES,YES,YES,NA,NA,NA,YES
2022-12-06T00:00:00Z,1899-12-31T16:00:00Z,52.6,0,NA,CLD,1.78,2,25.98/12.46,10.93,3,0.2,70.8,0.2/0.4,4:00:00 PM,4:14:00 PM,YES,YES,YES,backup camera ok; pit tag reader ok.,NA,NA,YES
2022-12-06T00:00:00Z,1899-12-31T20:00:00Z,NA,0,NA,NIT,1.74,NA,NA,NA,NA,NA,NA,n/a,8:00:00 PM,8:04:00 PM,YES,YES,YES,NA,NA,NA,YES
2022-12-07T00:00:00Z,1899-12-31T00:00:00Z,NA,0,NA,NIT,1.74,NA,NA,NA,NA,NA,NA,n/a,10:40:00 PM,10:45:00 PM,YES,YES,YES,NA,NA,NA,YES
2022-12-07T00:00:00Z,1899-12-31T04:00:00Z,NA,0,NA,NIT,1.77,NA,NA,NA,NA,NA,NA,n/a,4:00:00 AM,4:30:00 AM,YES,YES,YES,NA,NA,NA,NO
2022-12-07T00:00:00Z,1899-12-31T08:00:00Z,NA,0,8:16:00 AM,CLR,1.77,1.21,25.39,10.53,NA,0.8,65.9,1.3,8:00:00 AM,8:45:00 AM,YES,YES,YES,NA,NA,8:45:00 AM,NO
2022-12-08T00:00:00Z,1899-12-31T09:00:00Z,48.6,0,9:10:00 AM,CLR,1.76,1.16,27.25,11.04,3.6,0.3,68.9,6.6,9:04:00 AM,9:12:00 AM,YES,YES,YES,NA,NA,NA,NO
2022-12-09T00:00:00Z,1899-12-31T09:45:00Z,50.8,0,9:59:00 AM,CLR,1.79,1.17,28.02,11.18,2.9,0.4,69.4,12.1,9:52:00 AM,10:00:00 AM,YES,YES,YES,NA,NA,NA,YES
2022-12-10T00:00:00Z,1899-12-31T04:00:00Z,NA,0,NA,NIT,1.75,NA,NA,NA,NA,NA,NA,n/a,NA,NA,YES,YES,YES,NA,4:00:00 AM,NA,YES
2022-12-10T00:00:00Z,1899-12-31T08:00:00Z,52.3,0,8:19:00 AM,RAN,1.75,4.05,25.19,10.13,2.8,0.3,72.7,0.1,8:00:00 AM,8:20:00 AM,YES,YES,YES,backup camera ok; pit tag reader ok.,NA,NA,YES
2022-12-10T00:00:00Z,1899-12-31T12:00:00Z,NA,0,NA,RAN,1.76,NA,NA,NA,NA,NA,NA,n/a,12:00:00 PM,12:20:00 PM,YES,YES,YES,NA,NA,NA,YES
2022-12-10T00:00:00Z,1899-12-31T16:00:00Z,52.9,0,NA,RAN,2.02,9.62,25.13/11.81,10.8,1.1,0.2,68,0,NA,NA,YES,YES,YES,NA,NA,NA,YES
2022-12-10T00:00:00Z,1899-12-31T20:00:00Z,NA,0,NA,NIT,2.06,NA,NA,NA,NA,NA,NA,n/a,7:00:00 PM,7:10:00 PM,YES,YES,YES,NA,NA,NA,NO
2022-12-11T00:00:00Z,1899-12-31T00:00:00Z,NA,1,NA,NIT,2.22,NA,NA,NA,NA,NA,NA,n/a,11:45:00 PM,11:50:00 PM,YES,YES,YES,NA,NA,12:00:00 AM,NO
2022-12-11T00:00:00Z,1899-12-31T11:30:00Z,52.8,All,11:35:00 AM,CLD,3.55,50.4,24.87,10.31,2.3,2.9,108.8,4,11:30:00 AM,11:40:00 AM,YES,YES,YES,NA,NA,NA,YES
2022-12-11T00:00:00Z,1899-12-31T14:00:00Z,NA,0,NA,CLD,3.04,NA,NA,NA,NA,NA,NA,n/a,NA,NA,YES,YES,YES,NA,2:00:00 PM,NA,YES
2022-12-11T00:00:00Z,1899-12-31T16:00:00Z,52.9,0,NA,CLD,2.9,82.3,25.91/12.11,10.17,1.7,0.6,112.3,0.9/0.8,NA,NA,YES,YES,YES,backup camera ok; pit tag reader ok.,NA,NA,YES
2022-12-11T00:00:00Z,1899-12-31T20:00:00Z,NA,0,NA,NIT,2.6,NA,NA,NA,NA,NA,NA,n/a,NA,NA,YES,YES,YES,NA,NA,NA,YES
2022-12-12T00:00:00Z,1899-12-31T00:00:00Z,NA,0,NA,NIT,2.44,NA,NA,NA,NA,NA,NA,n/a,NA,NA,YES,YES,YES,NA,NA,NA,YES
2022-12-12T00:00:00Z,1899-12-31T04:00:00Z,52.1,0,NA,NIT,2.3,49.2,NA,9.63,2,NA,106,n/a,4:05:00 AM,4:20:00 AM,YES,YES,YES,NA,NA,NA,YES
2022-12-12T00:00:00Z,1899-12-31T08:00:00Z,55.1,0,8:35:00 AM,CLR,2.4,49.2,25.71/12.47,9.58,1.9,NA,95.7,3.0/6.5,8:32:00 AM,8:37:00 AM,YES,YES,YES,NA,NA,NA,YES
2022-12-12T00:00:00Z,1899-12-31T12:00:00Z,NA,0,NA,CLD,2.1,NA,NA,12.91,NA,NA,NA,n/a,12:05:00 PM,12:10:00 PM,YES,YES,YES,"backup camera not connected, battery bank too low",NA,NA,YES
2022-12-12T00:00:00Z,1899-12-31T16:00:00Z,52,2,NA,CLR,2.02,22.9,NA,9.88,1.5,0.6,96.4,n/a,3:50:00 PM,4:00:00 PM,YES,YES,YES,"water spilling over 2 panels on arrival, 2 barrels re-secured",NA,NA,YES
2022-12-12T00:00:00Z,1899-12-31T20:00:00Z,NA,0,NA,NIT,2,18.11,NA,NA,NA,NA,NA,n/a,7:52:00 PM,8:03:00 PM,YES,YES,YES,NA,NA,NA,YES
2022-12-13T00:00:00Z,1899-12-31T00:00:00Z,NA,0,NA,NIT,1.96,16.59,25.51,NA,NA,NA,NA,n/a,11:50:00 PM,12:02:00 AM,YES,YES,YES,NA,NA,NA,NO
2023-01-09T00:00:00Z,1899-12-31T13:13:00Z,NA,ALL,1:13:00 PM,CLD,5.8,17.38,NA,NA,NA,NA,117.2,n/a,NA,NA,NO,YES,YES,removed vaki computer from box,NA,NA,YES
2023-01-12T00:00:00Z,1899-12-31T10:45:00Z,52,3,10:30:00 AM,CLR,3.46,15.5,28.8,9.68,0.9,ns,123.9,10.6,NA,NA,NO,YES,YES,cleaned weir and installed vaki. closed livebox,10:45:00 AM,NA,YES
2023-01-12T00:00:00Z,1899-12-31T17:45:00Z,52.9,3,NA,NIT,2.9,17.48,NA,NA,1.4,NA,118.8,n/a,NA,NA,NO,YES,YES,no fish in trap,NA,NA,YES
2023-01-13T00:00:00Z,1899-12-31T09:15:00Z,52.6,2,9:20:00 AM,CLD,2.71,14.73,25.8,9.42,1.4,NA,115.5,2.2,9:15:00 AM,9:25:00 AM,NO,YES,YES,NA,NA,NA,YES
2023-01-13T00:00:00Z,1899-12-31T20:00:00Z,53.2,0,NA,NIT,2.68,13.88,NA,9.82,1.8,NA,107.2,n/a,NA,NA,NO,YES,YES,"vaki system removed, computer still needs to be downloaded",NA,8:22:00 PM,YES
2023-01-20T00:00:00Z,1899-12-31T11:15:00Z,NA,0,NA,CLR,2.68,14.14,29.27,NA,NA,NA,NA,0.4,NA,NA,NO,YES,YES,"cleaned weir, closed trap",11:00:00 AM,NA,YES
2023-01-20T00:00:00Z,1899-12-31T19:00:00Z,49.7,0,NA,NIT,2.6,12.92,25.74,10.15,1.8,NA,112.9,n/a,7:03:00 PM,7:07:00 PM,NO,YES,YES,NA,NA,NA,YES
2023-01-21T00:00:00Z,1899-12-31T08:00:00Z,47,0,NA,CLR,2.5,9.36,NA,10.65,1.2,NA,109.1,n/a,8:10:00 AM,8:13:00 AM,NO,YES,YES,no stacking survey due to high turbidity.,NA,NA,YES
2023-01-21T00:00:00Z,1899-12-31T19:25:00Z,49.2,0,NA,NIT,2.45,11.88,25.59,10.61,1,1.2,106.5,n/a,7:25:00 PM,7:27:00 PM,NO,YES,YES,NA,NA,NA,YES
2023-01-22T00:00:00Z,1899-12-31T07:30:00Z,46.8,0,7:45:00 AM,FOG,2.42,10.29,25.18,11.11,1.2,NA,104.7,0.4,7:42:00 AM,8:20:00 AM,NO,YES,YES,no stacking survey due to high turbidity.,NA,NA,YES
2023-01-22T00:00:00Z,1899-12-31T19:30:00Z,49.3,0,NA,NIT,2.4,12.06,25.57,10.6,1.3,NA,103.3,n/a,7:30:00 PM,7:33:00 PM,NO,YES,YES,NA,NA,NA,YES
2023-01-23T00:00:00Z,1899-12-31T08:00:00Z,46.6,0,7:45:00 AM,CLR,2.39,12.57,25.9,10.93,1,NA,107.6,0.1,8:15:00 AM,8:20:00 AM,NO,YES,YES,no stacking survey due to high turbidity.,NA,NA,YES
2023-01-23T00:00:00Z,1899-12-31T22:00:00Z,49.1,0,NA,NIT,2.36,16.16,NA,10.6,1.1,NA,107.1,n/a,10:00:00 PM,10:01:00 PM,NO,YES,YES,NA,NA,NA,YES
2023-01-23T00:00:00Z,1899-12-31T07:45:00Z,46.8,0,7:47:00 AM,CLR,2.35,6.48,25.6,10.86,NA,NA,102.3,0.5,7:43:00 AM,7:50:00 AM,NO,YES,YES,NA,NA,NA,YES
2023-01-25T00:00:00Z,1899-12-31T08:00:00Z,47.1,0,8:26:00 AM,CLR,2.32,5.45,26.11,11,0.4,NA,97.6,3.9,NA,NA,NO,YES,YES,no stacking survey due to high turbidity.,NA,NA,YES
2023-01-25T00:00:00Z,1899-12-31T22:00:00Z,48.9,0,NA,NIT,2.32,6.87,25.51/12.76,11.14,1.2,NA,96.5,0,10:00:00 PM,10:03:00 PM,NO,YES,YES,NA,NA,NA,YES
2023-01-26T00:00:00Z,1899-12-31T08:00:00Z,47.9,0,7:52:00 AM,CLR,2.3,5.48,25.22,10.76,0.5,1.6,101.2,0.9,7:49:00 AM,7:54:00 AM,NO,YES,YES,no stacking survey due to high turbidity.,NA,NA,YES
2023-01-27T00:00:00Z,1899-12-31T08:30:00Z,47.8,0,8:22:00 AM,CLR,1.9,3.95,26.2,10.6,NA,NA,109.7,4.3/1.6,8:33:00 AM,8:38:00 AM,NO,YES,YES,no stacking survey due to high turbidity. flow meter not working. 2 holes in mesh- replace bulkhead mesh & missing bar on passage,NA,NA,YES
2023-01-28T00:00:00Z,1899-12-31T08:00:00Z,48,0,7:52:00 AM,FOG,1.84,4.28,25.2,10.42,NA,NA,112.6,0.6,7:50:00 AM,7:54:00 AM,NO,YES,YES,flow meter not working,NA,NA,YES
2023-01-29T00:00:00Z,1899-12-31T07:30:00Z,48,0,7:39:00 AM,CLD,1.82,4.6,12.83,10.42,NA,NA,119.2,0.3,7:32:00 AM,7:40:00 AM,NO,YES,YES,flow meter not working,NA,NA,YES
2023-01-30T00:00:00Z,1899-12-31T07:30:00Z,47.1,0,7:39:00 AM,CLR,1.84,8.15,12.82/12.58,10.54,1.3,NA,117.2,0.4,7:34:00 AM,7:40:00 AM,NO,YES,YES,no stacking survey due to high turbidity.,NA,NA,YES
2023-01-31T00:00:00Z,1899-12-31T07:45:00Z,NA,1,7:48:00 AM,CLR,1.8,7.48,25.31,NA,NA,NA,NA,0.8,7:45:00 AM,7:58:00 AM,NO,YES,YES,no meters available for environmentals,NA,NA,YES
2023-02-01T00:00:00Z,1899-12-31T07:30:00Z,44.9,NA,8:08:00 AM,CLR,1.8,4.81,25.25,11.38,1.5,NA,160,2.6,NA,NA,NO,YES,YES,no stacking survey due to high turbidity.,NA,NA,YES
2023-03-30T00:00:00Z,1899-12-31T16:00:00Z,52.7,0,NA,CLD,3.46,25.2,NA,11.12,NA,NA,115,n/a,NA,NA,NO,YES,YES,"cleaned weir, and set trap",3:00:00 PM,NA,YES
2023-03-31T00:00:00Z,1899-12-31T09:00:00Z,NA,0,9:06:00 AM,CLR,2.85,NA,28.36/15.15,NA,1.2,NA,98,10.3/0.0,9:02:00 AM,9:30:00 AM,NO,YES,YES,ysi not working; installed second livebox on south bank,NA,NA,YES
2023-04-01T00:00:00Z,1899-12-31T08:45:00Z,52.8,4,9:10:00 AM,CLR,3.88,12.32,27.37,10.96,1.2,NA,81.1,6.5,9:00:00 AM,9:12:00 AM,NO,YES,YES,"11:30 cleaned weir, put fyke board in and turned off computer",NA,NA,YES
2023-04-01T00:00:00Z,1899-12-31T19:00:00Z,53.8,0,NA,NIT,5.6,27.2,24,11.34,NA,NA,75.2,n/a,NA,NA,NO,YES,YES,"cleaned at 19:00, 23:00, 0300",NA,NA,YES
2023-04-02T00:00:00Z,1899-12-31T08:30:00Z,51.1,2,NA,CLD,5.72,7.74,NA,11.17,NA,NA,77.4,n/a,8:35:00 AM,8:45:00 AM,NO,YES,YES,NA,NA,NA,YES
2023-04-03T00:00:00Z,1899-12-31T00:00:00Z,NA,0,NA,NIT,5.7,NA,NA,NA,NA,NA,NA,n/a,NA,NA,NO,NO,YES,NA,NA,NA,YES
2023-04-02T00:00:00Z,1899-12-31T18:00:00Z,52.3,0,NA,NIT,5.7,7.49,NA,11.55,NA,NA,81.2,n/a,NA,NA,NO,NO,YES,found dead on weir,NA,NA,YES
2023-04-03T00:00:00Z,1899-12-31T06:00:00Z,NA,2,NA,NIT,5.68,NA,NA,NA,NA,NA,NA,n/a,NA,NA,NO,NO,YES,cleaned weir of debris,NA,NA,YES
2023-04-03T00:00:00Z,1899-12-31T13:00:00Z,51.6,2,NA,CLR,5.68,16.62,NA,11.04,NA,NA,71.9,n/a,12:30:00 PM,12:45:00 PM,NO,NO,YES,NA,NA,NA,YES
2023-04-03T00:00:00Z,1899-12-31T18:00:00Z,NA,0,NA,NIT,5.7,NA,NA,NA,NA,NA,NA,n/a,NA,NA,NO,NO,YES,NA,NA,NA,YES
2023-04-04T00:00:00Z,1899-12-31T00:00:00Z,51.8,0,NA,NIT,5.7,8.91,24,11.62,NA,NA,72.9,n/a,NA,NA,NO,NO,YES,NA,NA,NA,YES
2023-04-04T00:00:00Z,1899-12-31T06:00:00Z,NA,2,NA,NIT,5.7,NA,NA,NA,NA,NA,NA,n/a,NA,NA,NO,NO,YES,NA,NA,NA,YES
2023-04-04T00:00:00Z,1899-12-31T14:00:00Z,51.6,2,NA,CLR,5.7,8.51,NA,11.58,NA,NA,81.7,n/a,1:58:00 PM,2:05:00 PM,NO,NO,YES,NA,NA,NA,YES
2023-04-04T00:00:00Z,1899-12-31T18:00:00Z,NA,0,NA,NIT,5.7,NA,NA,NA,NA,NA,NA,n/a,NA,NA,NO,NO,YES,NA,NA,NA,YES
2023-04-05T00:00:00Z,1899-12-31T00:00:00Z,NA,0,NA,NIT,5.7,7.04,NA,11.75,NA,NA,76.6,n/a,NA,NA,NO,NO,YES,NA,NA,NA,YES
2023-04-05T00:00:00Z,1899-12-31T06:00:00Z,NA,2,NA,NIT,5.8,NA,NA,NA,NA,NA,NA,n/a,NA,NA,NO,NO,YES,NA,NA,NA,YES
2023-04-05T00:00:00Z,1899-12-31T12:00:00Z,51.1,2,NA,CLR,5.8,7.34,NA,11.45,NA,NA,81.4,n/a,11:55:00 AM,12:00:00 PM,NO,NO,YES,NA,NA,NA,YES
2023-04-05T00:00:00Z,1899-12-31T18:30:00Z,53.1,0,NA,CLR,5.8,7.26,NA,11.81,NA,NA,76.7,n/a,6:30:00 PM,6:35:00 PM,NO,NO,YES,NA,NA,NA,YES
2023-04-06T00:00:00Z,1899-12-31T06:00:00Z,NA,2,NA,NIT,5.8,NA,NA,NA,NA,NA,NA,n/a,NA,NA,NO,NO,YES,NA,NA,NA,YES
2023-04-06T00:00:00Z,1899-12-31T20:00:00Z,49.3,0,NA,NIT,5.76,4.47,NA,11.46,NA,NA,77.1,n/a,NA,NA,NO,NO,YES,NA,NA,NA,YES
2023-04-07T00:00:00Z,1899-12-31T10:00:00Z,51.7,2,NA,RAN,5.8,4.08,NA,11.05,NA,NA,79.7,n/a,10:00:00 AM,10:10:00 AM,NO,NO,YES,NA,NA,NA,YES
2023-07-07T00:00:00Z,1899-12-31T19:00:00Z,53,2,NA,NIT,5.85,5.1,NA,10.96,NA,NA,71.9,n/a,NA,NA,NO,NO,YES,NA,NA,NA,YES
2023-04-08T00:00:00Z,1899-12-31T19:30:00Z,54.4,2,NA,NIT,5.85,5.37,NA,11.39,NA,NA,69.8,n/a,7:40:00 PM,7:45:00 PM,NO,NO,YES,NA,NA,NA,YES
2023-04-09T00:00:00Z,1899-12-31T07:45:00Z,51.2,0,NA,CLR,5.8,3.7,NA,NA,NA,NA,76.2,n/a,7:45:00 AM,7:49:00 AM,NO,NO,YES,NA,NA,NA,YES
2022-12-14T00:00:00Z,1899-12-31T04:00:00Z,NA,0,NA,NIT,NA,NA,NA,NA,NA,NA,NA,n/a,3:55:00 AM,4:05:00 AM,YES,YES,YES,NA,NA,NA,YES
2022-12-14T00:00:00Z,1899-12-31T08:00:00Z,46,0,8:21:00 AM,CLR,1.77,3.52,25.83,11.1,2.3,0.4,70.4,2,8:05:00 AM,8:21:00 AM,YES,YES,YES,NA,NA,NA,YES
2022-12-14T00:00:00Z,1899-12-31T12:00:00Z,NA,0,NA,CLR,1.77,NA,NA,NA,NA,NA,NA,n/a,11:54:00 AM,11:58:00 AM,YES,YES,YES,NA,NA,NA,YES
2022-12-14T00:00:00Z,1899-12-31T16:00:00Z,49.4,0,NA,CLR,1.78,4.59,27.46,11.82,2.3,0.2,73.2,2.1,NA,NA,YES,YES,YES,NA,NA,NA,YES
2022-12-14T00:00:00Z,1899-12-31T20:00:00Z,NA,0,NA,NIT,1.78,NA,NA,NA,NA,NA,NA,n/a,7:50:00 PM,8:05:00 PM,YES,YES,YES,NA,NA,NA,YES
2022-12-15T00:00:00Z,1899-12-31T00:00:00Z,NA,0,NA,NIT,1.76,NA,NA,NA,NA,NA,NA,n/a,NA,NA,YES,YES,YES,NA,NA,NA,YES
2022-12-15T00:00:00Z,1899-12-31T04:00:00Z,NA,0,NA,NIT,1.76,NA,24.93,NA,NA,NA,NA,0,4:00:00 AM,4:20:00 AM,YES,YES,YES,NA,NA,NA,NO
2022-12-15T00:00:00Z,1899-12-31T08:15:00Z,46,0,9:15:00 AM,FOG,1.76,2.58,26.72,11.59,3.8,0.3,64.6,3.8,8:25:00 AM,9:20:00 AM,YES,YES,YES,NA,NA,9:20:00 AM,NO
2022-12-16T00:00:00Z,1899-12-31T07:45:00Z,45.7,0,7:55:00 AM,FOG,1.72,2.31,25.26,11.3,2.7,0.3,81.1,0.5,7:48:00 AM,7:57:00 AM,YES,YES,YES,NA,NA,NA,YES
2022-12-17T00:00:00Z,1899-12-31T08:00:00Z,45.3,0,8:35:00 AM,FOG,1.74,2.19,25.61,11.54,1.9,0.3,78,2,8:10:00 AM,8:40:00 AM,YES,YES,YES,NA,8:10:00 AM,NA,YES
2022-12-17T00:00:00Z,1899-12-31T12:00:00Z,NA,0,NA,CLR,1.72,NA,29.79,NA,NA,NA,NA,7.1,NA,NA,YES,YES,YES,NA,NA,NA,YES
2022-12-17T00:00:00Z,1899-12-31T16:00:00Z,47.5,0,NA,CLR,1.74,1.86,27.09/13.47,12.59,1.3,0.4,79.3,1.9/1.1,NA,NA,YES,YES,YES,NA,NA,NA,YES
2022-12-17T00:00:00Z,1899-12-31T20:00:00Z,NA,0,NA,NIT,1.74,NA,NA,NA,NA,NA,NA,n/a,8:05:00 PM,8:06:00 PM,YES,YES,YES,NA,NA,NA,YES
2022-12-18T00:00:00Z,1899-12-31T00:00:00Z,NA,0,NA,NIT,1.74,NA,NA,NA,NA,NA,NA,n/a,NA,NA,YES,YES,YES,NA,NA,NA,YES
2022-12-18T00:00:00Z,1899-12-31T04:00:00Z,NA,0,NA,NIT,1.72,NA,25.23,NA,NA,NA,NA,0,NA,NA,YES,YES,YES,NA,NA,NA,YES
2022-12-18T00:00:00Z,1899-12-31T08:00:00Z,46.2,0,8:16:00 AM,FOG,1.72,2.1,25.22,11.49,2.5,0.3,77.8,0.3,8:10:00 AM,8:17:00 AM,YES,YES,YES,NA,NA,NA,YES
2022-12-18T00:00:00Z,1899-12-31T12:00:00Z,NA,0,NA,CLD,1.72,NA,25.74,NA,NA,NA,NA,0.6,NA,NA,YES,YES,YES,NA,NA,NA,YES
2022-12-18T00:00:00Z,1899-12-31T16:00:00Z,47.4,0,NA,CLD,1.74,1.64,25.32/12.69,12.29,1.2,0.2,88,0.6/0.6,NA,NA,YES,YES,YES,pit tag reader ok,NA,NA,YES
2022-12-18T00:00:00Z,1899-12-31T20:00:00Z,NA,0,NA,NIT,1.74,NA,NA,NA,NA,NA,NA,n/a,NA,NA,YES,YES,YES,NA,NA,NA,NO
2022-12-19T00:00:00Z,1899-12-31T00:00:00Z,NA,0,NA,NIT,1.74,NA,NA,NA,NA,NA,NA,n/a,NA,NA,YES,YES,YES,NA,NA,12:00:00 AM,NO
2022-12-19T00:00:00Z,1899-12-31T08:45:00Z,46.7,0,8:45:00 AM,CLD,1.73,7.13,25.2,11.57,3.6,0.5,80.7,0.9,8:40:00 AM,8:45:00 AM,YES,YES,YES,scanner plate visibility adjusted,NA,NA,YES
2022-12-20T00:00:00Z,1899-12-31T08:15:00Z,46.9,0,8:24:00 AM,CLD,1.71,2.09,24.98,11.34,2.5,0.3,76.4,1,8:19:00 AM,8:24:00 AM,YES,YES,YES,NA,8:40:00 AM,NA,YES
2022-12-20T00:00:00Z,1899-12-31T20:00:00Z,48.2,0,NA,NIT,1.72,1.34,25.66/12.77,12.54,1.4,0.2,75.5,0.0/0.0,7:50:00 PM,7:52:00 PM,YES,YES,YES,NA,NA,NA,YES
2022-12-21T00:00:00Z,1899-12-31T08:00:00Z,47.3,0,8:16:00 AM,FOG,1.71,1.53,25.38,11.39,2.7,0.4,78.8,0.4,8:00:00 AM,8:17:00 AM,YES,YES,YES,NA,NA,NA,YES
2022-12-21T00:00:00Z,1899-12-31T19:45:00Z,48.1,0,NA,NIT,1.71,1.46,25.24/12.54,12.21,2.6,0.4,72.2,0.0/0.0,NA,NA,YES,YES,YES,NA,NA,NA,YES
2022-12-22T00:00:00Z,1899-12-31T08:00:00Z,47.8,0,9:07:00 AM,CLD,1.72,1.41,25.03,11.14,2.4,0.5,74.4,0.6,8:00:00 AM,9:14:00 AM,YES,YES,YES,NA,NA,NA,YES
2022-12-22T00:00:00Z,1899-12-31T19:30:00Z,48.8,0,NA,NIT,1.72,NA,25.50/12.71,12.39,2.7,0.2,75.4,0.0/0.0,7:35:00 PM,7:40:00 PM,YES,YES,YES,NA,NA,NA,NO
2022-12-23T00:00:00Z,1899-12-31T08:00:00Z,47.5,0,8:17:00 AM,FOG,1.72,1.33,25,11.35,2.5,0.4,76.2,0.5,8:13:00 AM,8:17:00 AM,YES,YES,YES,NA,NA,8:17:00 AM,YES
2022-12-26T00:00:00Z,1899-12-31T11:45:00Z,48.8,0,11:27:00 AM,CLD,1.72,1.99,26.41/13.11,12.67,3,0.3,80.8,4.1,11:20:00 AM,11:28:00 AM,YES,YES,YES,NA,10:55:00 AM,NA,YES
2022-12-26T00:00:00Z,1899-12-31T20:00:00Z,49.4,0,NA,NIT,1.74,1.4,25.10/12.55,12.76,1.8,0.4,78.4,0.0/0.0,NA,NA,YES,YES,YES,NA,NA,NA,YES
2022-12-27T00:00:00Z,1899-12-31T08:00:00Z,49.8,0,7:54:00 AM,RAN,1.95,5.18,24.77,10.82,2.5,NA,77.6,0,7:44:00 AM,7:54:00 AM,YES,YES,YES,NA,NA,NA,YES
2022-12-27T00:00:00Z,1899-12-31T17:30:00Z,NA,4,NA,RAN,3.08,NA,NA,NA,NA,NA,NA,n/a,NA,NA,YES,YES,YES,NA,NA,NA,YES
2022-12-27T00:00:00Z,1899-12-31T20:00:00Z,50.2,0,NA,NIT,3.08,51.8,25.36/12.42,11.35,0.8,2.3,120.6,0.0/0.0,NA,NA,YES,YES,YES,NA,NA,NA,YES
2022-12-28T00:00:00Z,1899-12-31T08:30:00Z,49.3,All,8:46:00 AM,CLR,4.1,54.7,26.26,10.79,1.4,NA,125.1,4.6,8:09:00 AM,8:47:00 AM,YES,YES,YES,scanner visability diodes blacked out. photos camera #6. water flowing over top of weir panels.,NA,NA,YES
2022-12-28T00:00:00Z,1899-12-31T20:00:00Z,50.3,All,NA,NIT,3.4,37.4,25.66/12.76,10.68,0.8,NA,105.1,0.0/0.0,7:55:00 PM,7:55:00 PM,YES,YES,YES,NA,NA,NA,YES
2022-12-29T00:00:00Z,1899-12-31T08:30:00Z,50.5,All,8:35:00 AM,RAN,3.32,19.2,25.37,10.64,1.5,NA,104.3,0.2,8:29:00 AM,8:35:00 AM,NO,YES,YES,"no passages recorded. 90% of scanner diodes black on arrival, returned to yellow before leaving. cleaned weir panels, now 100% above water.",NA,NA,YES
2022-12-29T00:00:00Z,1899-12-31T20:00:00Z,51.2,0,NA,NIT,3.36,97.2,25.60/12.58,10.82,1,2.6,90,0.0/0.0,NA,NA,NO,YES,YES,cleaned weir at 23:30.,NA,NA,YES
2022-12-30T00:00:00Z,1899-12-31T08:30:00Z,51.7,0,8:55:00 AM,CLD,3.95,14.44,25.45,10.66,1.1,NA,104.6,1.4,8:20:00 AM,9:00:00 AM,NO,YES,YES,NA,NA,9:00:00 AM,NO
2022-12-30T00:00:00Z,1899-12-31T15:00:00Z,NA,NA,NA,RAN,NA,NA,NA,NA,NA,NA,NA,n/a,NA,NA,NA,NA,NA,removed the vaki system due to increase in flows,NA,NA,NO
2023-01-05T00:00:00Z,1899-12-31T09:00:00Z,52,All,9:30:00 AM,RAN,3.12,NA,25.67,9.82,NA,NA,202,1.5,NA,NA,NO,YES,YES,"downloaded vaki, weir is still submerged due to high flows.",NA,NA,NO
2023-01-05T00:00:00Z,1899-12-31T16:00:00Z,52.3,34,NA,RAN,4.04,26.8,NA,10.26,3.8,4.4,140.2,n/a,NA,4:00:00 PM,NA,YES,YES,weir is cleaned and fishing as of 1600,NA,NA,NO
2023-01-06T00:00:00Z,1899-12-31T12:30:00Z,52,All,12:28:00 PM,CLD,3.9,33.8,28.33,9.92,1.5,NA,123.8,8.2/1.1,NA,NA,NO,YES,YES,NA,NA,NA,NO
2023-01-04T00:00:00Z,1899-12-31T10:45:00Z,NA,NA,10:45:00 AM,NA,NA,NA,NA,NA,NA,NA,NA,n/a,NA,NA,NA,NA,NA,vaki installed and is recording.,NA,NA,NO
2023-01-07T00:00:00Z,1899-12-31T10:45:00Z,51.3,2,10:55:00 AM,CLD,2.75,9.48,26.82/13.44,9.75,NA,NA,102.8,2.0/3.8,10:50:00 AM,10:55:00 AM,NA,NA,NA,NA,NA,NA,NO
2023-01-08T00:00:00Z,1899-12-31T12:00:00Z,52.8,1,1:15:00 PM,CLD,2.88,12,29.53/14.86,9.87,2.2,NA,160.9,5.7/8.7,NA,NA,NO,YES,YES,NA,NA,NA,YES
2023-01-24T00:00:00Z,1899-12-31T22:00:00Z,48.9,0,NA,NIT,2.3,9.41,12.74/12.82,10.78,1.2,NA,105.8,0,NA,NA,NO,YES,YES,NA,NA,NA,YES
2023-02-02T00:00:00Z,1899-12-31T07:30:00Z,45.8,0,7:36:00 AM,CLR,1.8,4.17,25.24,11.22,1.3,NA,164.5,0.6,7:30:00 AM,8:30:00 AM,NO,YES,YES,no stacking survey due to high turbidity.,NA,NA,YES
2023-02-03T00:00:00Z,1899-12-31T07:45:00Z,47.7,0,8:05:00 AM,RAN,1.84,5.15,25.14,10.99,1.3,NA,167.1,0.1,7:43:00 AM,8:13:00 AM,NO,YES,YES,no stacking survey due to high turbidity.,NA,NA,YES
2023-02-04T00:00:00Z,1899-12-31T07:45:00Z,48.6,0,8:06:00 AM,FOG,1.8,5.51,25.21,10.82,1,NA,151,0.2,8:00:00 AM,8:08:00 AM,NO,YES,YES,no stacking survey due to high turbidity.,NA,NA,YES
2023-02-05T00:00:00Z,1899-12-31T07:30:00Z,50,0,7:37:00 AM,CLD,1.8,6.23,25.41,10.65,1.4,NA,157.2,0.4,7:35:00 AM,7:58:00 AM,NO,YES,YES,no stacking survey due to high turbidity.,NA,NA,YES
2023-02-06T00:00:00Z,1899-12-31T08:00:00Z,48.7,0,8:10:00 AM,CLR,1.82,7.19,12.63,10.8,1.7,NA,140.2,4.1,8:05:00 AM,8:11:00 AM,NO,YES,YES,no stacking survey due to high turbidity.,NA,NA,YES
2023-02-07T00:00:00Z,1899-12-31T08:00:00Z,48.4,0,8:25:00 AM,CLR,1.82,4.95,12.61,11.09,1.5,NA,149.8,5.1,8:20:00 AM,8:26:00 AM,NO,YES,YES,no stacking survey due to high turbidity.,NA,NA,YES
2023-02-08T00:00:00Z,1899-12-31T08:15:00Z,47.8,0,8:14:00 AM,FOG,1.8,4.02,25.78,11.35,1.2,NA,147.3,2,8:12:00 AM,8:30:00 AM,NO,YES,YES,NA,NA,NA,YES
2023-02-09T00:00:00Z,1899-12-31T07:45:00Z,48.4,2,8:44:00 AM,CLR,1.78,4.66,27.5/14.34,11.08,2.5,NA,153.2,6.5/6.4,8:41:00 AM,8:45:00 AM,NO,YES,YES,NA,NA,NA,YES
2023-02-10T00:00:00Z,1899-12-31T08:00:00Z,49.2,0,8:07:00 AM,CLR,1.78,7.95,12.62/13.52,11.13,1.9,NA,159.8,3,8:02:00 AM,8:08:00 AM,NO,YES,YES,NA,NA,NA,YES
2023-02-11T00:00:00Z,1899-12-31T07:30:00Z,48.9,0,7:39:00 AM,CLR,1.75,3.01,25.26/12.76,11.5,1.7,NA,15.7,.4/1.2,7:35:00 AM,7:40:00 AM,NO,YES,YES,NA,NA,NA,YES
2023-02-12T00:00:00Z,1899-12-31T07:30:00Z,48.2,0,7:52:00 AM,CLR,NA,4.39,25.37/13.09,11.27,2.1,NA,155.6,0.5,7:46:00 AM,7:52:00 AM,NO,YES,YES,NA,NA,NA,YES
2023-02-13T00:00:00Z,1899-12-31T08:00:00Z,48.9,2,7:55:00 AM,CLR,1.78,4.25,25.4,11.11,2.1,NA,152.7,1.6/1.3,7:50:00 AM,8:05:00 AM,NO,YES,YES,"boat passage lights, d.s buoys missing. vaki lights not working, boat passage needs barrels, large holes in mesh. moved light",NA,NA,YES
2023-04-06T00:00:00Z,1899-12-31T12:30:00Z,51.7,2,NA,CLR,5.8,5.3,NA,11.49,NA,NA,82.9,n/a,12:30:00 PM,12:35:00 PM,NO,NO,YES,NA,NA,NA,YES
2023-04-08T00:00:00Z,1899-12-31T07:45:00Z,50.9,0,NA,CLR,5.8,3.6,NA,11.23,NA,NA,75.1,n/a,7:45:00 AM,7:49:00 AM,NO,NO,YES,NA,NA,NA,YES
2023-04-09T00:00:00Z,1899-12-31T19:45:00Z,54.7,2,NA,NIT,5.74,6.59,NA,11.53,NA,NA,71.9,n/a,7:45:00 PM,7:50:00 PM,NO,NO,YES,NA,NA,NA,YES
2023-04-10T00:00:00Z,1899-12-31T06:00:00Z,NA,0,NA,NIT,5.8,NA,NA,NA,NA,NA,NA,n/a,NA,NA,NO,NO,YES,NA,NA,NA,YES
2023-04-10T00:00:00Z,1899-12-31T22:00:00Z,NA,2,NA,NIT,5.9,8.9,NA,NA,NA,NA,78.8,n/a,10:00:00 PM,10:05:00 PM,NO,NO,YES,ysi had dead batteries,NA,NA,YES
2023-04-10T00:00:00Z,1899-12-31T14:30:00Z,54.1,0,NA,CLR,5.8,NA,24,11.65,NA,NA,74.6,n/a,NA,NA,NO,NO,YES,clean weir. checked south bank live box.,NA,NA,YES
2023-04-11T00:00:00Z,1899-12-31T06:15:00Z,53.1,2,NA,CLR,5.84,12.17,NA,10.98,NA,NA,74.1,n/a,NA,NA,NO,NO,YES,NA,NA,NA,YES
2023-04-11T00:00:00Z,1899-12-31T17:00:00Z,56.3,0,NA,CLR,5.75,7.37,NA,11.34,NA,NA,64.3,n/a,5:10:00 PM,5:15:00 PM,NO,NO,YES,added a barrel to raise boat passage. attached boat passage lights and green boat passage buoys,NA,NA,YES
2023-04-12T00:00:00Z,1899-12-31T14:30:00Z,NA,0,NA,CLR,5.88,NA,NA,NA,NA,NA,NA,n/a,NA,NA,NO,NO,YES,NA,NA,NA,YES
2023-04-12T00:00:00Z,1899-12-31T22:15:00Z,53.5,0,NA,NIT,5.7,6.33,NA,11.6,NA,NA,71.7,n/a,10:15:00 PM,10:20:00 PM,NO,NO,YES,backed up boat passage barrels with hose clamps,NA,NA,YES
2023-04-13T00:00:00Z,1899-12-31T06:00:00Z,NA,0,NA,NIT,5.8,NA,NA,NA,NA,NA,NA,n/a,NA,NA,NO,NO,YES,NA,NA,NA,YES
2023-04-13T00:00:00Z,1899-12-31T22:00:00Z,52.6,0,NA,NIT,5.75,7.12,NA,11.65,NA,NA,76.6,n/a,10:00:00 PM,10:05:00 PM,NO,NO,YES,NA,NA,NA,YES
2023-04-14T00:00:00Z,1899-12-31T14:30:00Z,NA,0,NA,CLR,5.8,NA,NA,NA,NA,NA,NA,n/a,NA,NA,NO,NO,YES,NA,NA,NA,YES
2023-04-15T00:00:00Z,1899-12-31T20:00:00Z,NA,1,NA,NIT,5.7,NA,NA,NA,NA,NA,NA,n/a,NA,NA,NO,NO,YES,NA,NA,NA,YES
2023-04-16T00:00:00Z,1899-12-31T08:00:00Z,52.1,0,NA,CLR,5.68,6.79,NA,11,NA,NA,71.8,n/a,8:15:00 AM,8:20:00 AM,NO,NO,YES,NA,NA,NA,YES
2023-04-17T00:00:00Z,1899-12-31T15:00:00Z,55.9,0,3:30:00 PM,CLD,3.2,8.88,27.22/13.64,11.56,NA,NA,68.6,1.7/0.3,NA,NA,NO,YES,YES,NA,NA,NA,YES
2023-04-18T00:00:00Z,1899-12-31T08:30:00Z,54.3,0,9:53:00 AM,CLR,2.56,9.47,27.34/15.05,10.64,0.9,NA,68.9,7.1/3.3,8:43:00 AM,9:55:00 AM,NO,YES,YES,NA,NA,NA,YES
2023-04-11T00:00:00Z,1899-12-31T22:00:00Z,53.7,0,NA,NIT,5.75,8.9,NA,11.55,NA,NA,65.3,n/a,10:10:00 PM,10:15:00 PM,NO,NO,YES,NA,NA,NA,YES
2023-04-12T00:00:00Z,1899-12-31T06:15:00Z,51.8,0,NA,CLR,5.8,6.11,NA,11.01,NA,NA,76.1,n/a,NA,NA,NO,NO,YES,NA,NA,NA,YES
2023-04-13T00:00:00Z,1899-12-31T15:10:00Z,53.5,0,NA,CLR,5.8,6.45,NA,11.86,NA,NA,74,n/a,3:10:00 PM,3:15:00 PM,NO,NO,YES,NA,NA,NA,YES
2023-04-14T00:00:00Z,1899-12-31T10:00:00Z,51,0,NA,CLR,5.8,7.52,NA,11.1,NA,NA,73.2,n/a,10:00:00 AM,10:05:00 AM,NO,NO,YES,NA,NA,NA,NO
2023-04-19T00:00:00Z,1899-12-31T09:00:00Z,52.9,0,9:15:00 AM,CLR,2.15,3.44,27.48,9.93,1.1,NA,77.6,8.3,9:00:00 AM,9:05:00 AM,NO,YES,YES,vaki connected but camera cannot connect; disconnected battery wire was reconnected but camera still would not connect. barrel reattached on north side.,NA,NA,YES
2023-04-20T00:00:00Z,1899-12-31T08:00:00Z,53.2,0,NA,CLR,2.9,6.03,25.48,10.53,1.5,NA,79.9,0,8:00:00 AM,8:30:00 AM,NO,NO,YES,NA,NA,NA,YES
2023-04-20T00:00:00Z,1899-12-31T19:00:00Z,52.3,0,NA,NIT,5,3.65,NA,10.33,NA,NA,74,n/a,7:00:00 PM,7:05:00 PM,NO,NO,YES,NA,NA,NA,YES
2023-04-21T00:00:00Z,1899-12-31T08:00:00Z,50.7,0,NA,CLD,5.1,4.15,NA,10.99,NA,NA,74.4,n/a,NA,NA,NO,NO,YES,NA,NA,NA,YES
2023-04-21T00:00:00Z,1899-12-31T19:30:00Z,54.5,0,NA,NIT,5.15,8.13,NA,11.85,NA,NA,85.4,n/a,7:30:00 PM,7:35:00 PM,NO,NO,YES,NA,NA,NA,YES
2023-04-22T00:00:00Z,1899-12-31T12:15:00Z,52.8,3,NA,CLR,5.1,4.39,NA,10.71,NA,NA,53.5,n/a,NA,NA,NO,NO,YES,NA,NA,NA,YES
2023-04-22T00:00:00Z,1899-12-31T20:00:00Z,55,0,NA,NIT,5.2,10.18,NA,11.44,NA,NA,69,n/a,8:10:00 PM,8:15:00 PM,NO,NO,YES,NA,NA,NA,YES
2023-04-23T00:00:00Z,1899-12-31T09:00:00Z,52.2,NA,NA,CLR,5.2,3.91,NA,10.63,NA,NA,68,n/a,9:00:00 AM,9:05:00 AM,NO,NO,YES,NA,NA,NA,YES
2023-04-23T00:00:00Z,1899-12-31T20:30:00Z,54.5,0,NA,NIT,5.3,10.37,NA,11.58,NA,NA,75.7,n/a,8:35:00 PM,8:40:00 PM,NO,NO,YES,NA,NA,NA,YES
2023-04-24T00:00:00Z,1899-12-31T08:00:00Z,52.7,0,NA,CLR,5.2,3.65,NA,10.5,NA,NA,63.6,n/a,8:05:00 AM,8:08:00 AM,NO,NO,YES,NA,NA,NA,YES
2023-04-25T00:00:00Z,1899-12-31T09:00:00Z,52,0,NA,CLR,5.25,4.75,NA,10.63,NA,NA,73.5,n/a,NA,NA,NO,NO,YES,NA,NA,NA,YES
2023-04-26T00:00:00Z,1899-12-31T09:00:00Z,52.4,0,NA,CLR,5.26,6.71,NA,10.42,NA,NA,138,n/a,NA,NA,NO,NO,YES,NA,NA,NA,YES
2023-04-27T00:00:00Z,1899-12-31T09:00:00Z,52.8,2,NA,CLR,5.2,5.02,NA,10.62,NA,NA,138.3,n/a,NA,NA,NO,NO,YES,NA,NA,NA,YES
2023-04-28T00:00:00Z,1899-12-31T08:30:00Z,52.9,0,NA,CLR,5.24,4.99,NA,10.48,0.8,NA,62.7,n/a,8:40:00 AM,8:50:00 AM,NO,NO,YES,NA,NA,NA,YES
2023-04-29T00:00:00Z,1899-12-31T08:15:00Z,53,0,NA,CLR,5.2,4.22,NA,10.51,NA,NA,69.4,n/a,NA,NA,NO,NO,YES,NA,NA,NA,YES
2023-04-30T00:00:00Z,1899-12-31T08:15:00Z,52.8,2,NA,CLR,5.3,9.84,NA,10.51,NA,NA,66.9,n/a,NA,NA,NO,NO,YES,NA,NA,NA,YES
2023-05-01T00:00:00Z,1899-12-31T09:30:00Z,51.6,4,NA,CLD,5.2,3.32,NA,10.78,NA,NA,67.8,n/a,NA,NA,NO,NO,YES,NA,NA,NA,YES
2023-05-02T00:00:00Z,1899-12-31T08:30:00Z,50.9,0,NA,RAN,5.32,10.17,NA,10.69,NA,NA,66.3,n/a,NA,NA,NO,NO,YES,NA,NA,NA,YES
2023-05-03T00:00:00Z,1899-12-31T09:45:00Z,51.1,0,NA,CLD,2.9,2.17,NA,10.53,NA,NA,75.1,n/a,NA,NA,NO,NO,YES,begin removing weir,NA,NA,YES
2022-12-13T00:00:00Z,1899-12-31T04:00:00Z,NA,0,NA,NIT,1.88,NA,NA,NA,NA,NA,NA,n/a,NA,NA,YES,YES,YES,back-up camera not connected,NA,NA,YES
2022-12-13T00:00:00Z,1899-12-31T08:00:00Z,48.1,0,9:48:00 AM,CLD,1.86,8.83,29.0/13.08,10.64,2.3,1.4,85.5,11.9/11.4,9:40:00 AM,9:50:00 AM,YES,YES,YES,back-up camera not connected,NA,NA,YES
2022-12-13T00:00:00Z,1899-12-31T12:00:00Z,NA,0,NA,CLR,1.84,NA,NA,NA,NA,NA,NA,n/a,12:05:00 PM,12:20:00 PM,YES,YES,YES,back-up camera not connected,NA,NA,YES
2022-12-13T00:00:00Z,1899-12-31T16:00:00Z,49.7,0,NA,CLR,1.82,8.31,28.65,11.13,2.3,0.2,84.1,4.8,3:43:00 PM,4:13:00 PM,YES,YES,YES,NA,NA,NA,YES
2022-12-13T00:00:00Z,1899-12-31T20:00:00Z,NA,0,NA,NIT,1.82,6.55,25.62,NA,NA,NA,NA,n/a,7:50:00 PM,7:58:00 PM,YES,YES,YES,NA,NA,NA,YES
2022-12-14T00:00:00Z,1899-12-31T00:00:00Z,NA,0,NA,NIT,1.8,5.3,25.47,NA,NA,NA,NA,n/a,11:50:00 PM,12:02:00 AM,YES,YES,YES,NA,NA,NA,YES
2023-04-14T00:00:00Z,1899-12-31T20:00:00Z,54,0,NA,NIT,5.7,7.83,NA,11.68,NA,NA,71.4,n/a,8:00:00 PM,8:05:00 PM,NO,NO,YES,NA,NA,NA,YES
2023-04-15T00:00:00Z,1899-12-31T09:15:00Z,51.8,0,NA,CLR,5.68,7.32,NA,11,NA,NA,71.8,n/a,9:15:00 AM,9:20:00 AM,NO,NO,YES,NA,NA,NA,Yes